dag_family,dag_label,n_tasks,n_edges,ccr,alpha,beta,seed,scheduler,scheduler_label,native_makespan,replayed_makespan,native_speedup_vs_heft,replayed_speedup_vs_heft,replay_overhead_ratio,contention_penalty,normalized_contention_penalty,duplicate_count,task_instance_ratio,duplication_efficiency,makespan_reduction_per_dup,comm_count,total_comm_time,link_total_busy_time,link_max_busy_time,link_mean_busy_time,link_load_imbalance,n_used_links
chain,Chain,10,9,0.1,0.0,1.0,0,heft,HEFT,132.5766,132.5766,1.0,1.0,1.0,0.0,0.0,0,1.0,,,0,0,0.0,0.0,0.0,0.0,0
chain,Chain,10,9,0.1,0.0,1.0,0,cdls,CD-LS,132.5766,132.5766,1.0,1.0,1.0,0.0,0.0,0,1.0,,,0,0,0.0,0.0,0.0,0.0,0
chain,Chain,10,9,0.1,0.0,1.0,0,cad,Proposed CA-D,132.5766,132.5766,1.0,1.0,1.0,0.0,0.0,0,1.0,,,0,0,0.0,0.0,0.0,0.0,0
chain,Chain,10,9,0.1,0.0,1.0,1,heft,HEFT,126.5646,126.5646,1.0,1.0,1.0,0.0,0.0,0,1.0,,,0,0,0.0,0.0,0.0,0.0,0
chain,Chain,10,9,0.1,0.0,1.0,1,cdls,CD-LS,126.5646,126.5646,1.0,1.0,1.0,0.0,0.0,0,1.0,,,0,0,0.0,0.0,0.0,0.0,0
chain,Chain,10,9,0.1,0.0,1.0,1,cad,Proposed CA-D,126.5646,126.5646,1.0,1.0,1.0,0.0,0.0,0,1.0,,,0,0,0.0,0.0,0.0,0.0,0
chain,Chain,10,9,0.1,0.0,1.0,2,heft,HEFT,109.5553,109.5553,1.0,1.0,1.0,0.0,0.0,0,1.0,,,0,0,0.0,0.0,0.0,0.0,0
chain,Chain,10,9,0.1,0.0,1.0,2,cdls,CD-LS,109.5553,109.5553,1.0,1.0,1.0,0.0,0.0,0,1.0,,,0,0,0.0,0.0,0.0,0.0,0
chain,Chain,10,9,0.1,0.0,1.0,2,cad,Proposed CA-D,109.5553,109.5553,1.0,1.0,1.0,0.0,0.0,0,1.0,,,0,0,0.0,0.0,0.0,0.0,0
chain,Chain,10,9,0.1,0.0,1.0,3,heft,HEFT,105.8029,105.8029,1.0,1.0,1.0,0.0,0.0,0,1.0,,,0,0,0.0,0.0,0.0,0.0,0
chain,Chain,10,9,0.1,0.0,1.0,3,cdls,CD-LS,105.8029,105.8029,1.0,1.0,1.0,0.0,0.0,0,1.0,,,0,0,0.0,0.0,0.0,0.0,0
chain,Chain,10,9,0.1,0.0,1.0,3,cad,Proposed CA-D,105.8029,105.8029,1.0,1.0,1.0,0.0,0.0,0,1.0,,,0,0,0.0,0.0,0.0,0.0,0
chain,Chain,10,9,0.1,0.0,1.0,4,heft,HEFT,138.3097,138.3097,1.0,1.0,1.0,0.0,0.0,0,1.0,,,0,0,0.0,0.0,0.0,0.0,0
chain,Chain,10,9,0.1,0.0,1.0,4,cdls,CD-LS,138.3097,138.3097,1.0,1.0,1.0,0.0,0.0,0,1.0,,,0,0,0.0,0.0,0.0,0.0,0
chain,Chain,10,9,0.1,0.0,1.0,4,cad,Proposed CA-D,138.3097,138.3097,1.0,1.0,1.0,0.0,0.0,0,1.0,,,0,0,0.0,0.0,0.0,0.0,0
chain,Chain,10,9,0.1,0.0,1.0,5,heft,HEFT,115.2958,115.2958,1.0,1.0,1.0,0.0,0.0,0,1.0,,,0,0,0.0,0.0,0.0,0.0,0
chain,Chain,10,9,0.1,0.0,1.0,5,cdls,CD-LS,115.2958,115.2958,1.0,1.0,1.0,0.0,0.0,0,1.0,,,0,0,0.0,0.0,0.0,0.0,0
chain,Chain,10,9,0.1,0.0,1.0,5,cad,Proposed CA-D,115.2958,115.2958,1.0,1.0,1.0,0.0,0.0,0,1.0,,,0,0,0.0,0.0,0.0,0.0,0
chain,Chain,10,9,0.1,0.0,1.0,6,heft,HEFT,125.7857,125.7857,1.0,1.0,1.0,0.0,0.0,0,1.0,,,0,0,0.0,0.0,0.0,0.0,0
chain,Chain,10,9,0.1,0.0,1.0,6,cdls,CD-LS,125.7857,125.7857,1.0,1.0,1.0,0.0,0.0,0,1.0,,,0,0,0.0,0.0,0.0,0.0,0
chain,Chain,10,9,0.1,0.0,1.0,6,cad,Proposed CA-D,125.7857,125.7857,1.0,1.0,1.0,0.0,0.0,0,1.0,,,0,0,0.0,0.0,0.0,0.0,0
chain,Chain,10,9,0.1,0.0,1.0,7,heft,HEFT,136.8263,136.8263,1.0,1.0,1.0,0.0,0.0,0,1.0,,,0,0,0.0,0.0,0.0,0.0,0
chain,Chain,10,9,0.1,0.0,1.0,7,cdls,CD-LS,136.8263,136.8263,1.0,1.0,1.0,0.0,0.0,0,1.0,,,0,0,0.0,0.0,0.0,0.0,0
chain,Chain,10,9,0.1,0.0,1.0,7,cad,Proposed CA-D,136.8263,136.8263,1.0,1.0,1.0,0.0,0.0,0,1.0,,,0,0,0.0,0.0,0.0,0.0,0
chain,Chain,10,9,0.1,0.0,1.0,8,heft,HEFT,126.1856,126.1856,1.0,1.0,1.0,0.0,0.0,0,1.0,,,0,0,0.0,0.0,0.0,0.0,0
chain,Chain,10,9,0.1,0.0,1.0,8,cdls,CD-LS,126.1856,126.1856,1.0,1.0,1.0,0.0,0.0,0,1.0,,,0,0,0.0,0.0,0.0,0.0,0
chain,Chain,10,9,0.1,0.0,1.0,8,cad,Proposed CA-D,126.1856,126.1856,1.0,1.0,1.0,0.0,0.0,0,1.0,,,0,0,0.0,0.0,0.0,0.0,0
chain,Chain,10,9,0.1,0.0,1.0,9,heft,HEFT,146.1751,146.1751,1.0,1.0,1.0,0.0,0.0,0,1.0,,,0,0,0.0,0.0,0.0,0.0,0
chain,Chain,10,9,0.1,0.0,1.0,9,cdls,CD-LS,146.1751,146.1751,1.0,1.0,1.0,0.0,0.0,0,1.0,,,0,0,0.0,0.0,0.0,0.0,0
chain,Chain,10,9,0.1,0.0,1.0,9,cad,Proposed CA-D,146.1751,146.1751,1.0,1.0,1.0,0.0,0.0,0,1.0,,,0,0,0.0,0.0,0.0,0.0,0
chain,Chain,10,9,0.1,0.0,1.0,10,heft,HEFT,135.5503,135.5503,1.0,1.0,1.0,0.0,0.0,0,1.0,,,0,0,0.0,0.0,0.0,0.0,0
chain,Chain,10,9,0.1,0.0,1.0,10,cdls,CD-LS,135.5503,135.5503,1.0,1.0,1.0,0.0,0.0,0,1.0,,,0,0,0.0,0.0,0.0,0.0,0
chain,Chain,10,9,0.1,0.0,1.0,10,cad,Proposed CA-D,135.5503,135.5503,1.0,1.0,1.0,0.0,0.0,0,1.0,,,0,0,0.0,0.0,0.0,0.0,0
chain,Chain,10,9,0.1,0.0,1.0,11,heft,HEFT,111.5687,111.5687,1.0,1.0,1.0,0.0,0.0,0,1.0,,,0,0,0.0,0.0,0.0,0.0,0
chain,Chain,10,9,0.1,0.0,1.0,11,cdls,CD-LS,111.5687,111.5687,1.0,1.0,1.0,0.0,0.0,0,1.0,,,0,0,0.0,0.0,0.0,0.0,0
chain,Chain,10,9,0.1,0.0,1.0,11,cad,Proposed CA-D,111.5687,111.5687,1.0,1.0,1.0,0.0,0.0,0,1.0,,,0,0,0.0,0.0,0.0,0.0,0
chain,Chain,10,9,0.1,0.0,1.0,12,heft,HEFT,120.2988,120.2988,1.0,1.0,1.0,0.0,0.0,0,1.0,,,0,0,0.0,0.0,0.0,0.0,0
chain,Chain,10,9,0.1,0.0,1.0,12,cdls,CD-LS,120.2988,120.2988,1.0,1.0,1.0,0.0,0.0,0,1.0,,,0,0,0.0,0.0,0.0,0.0,0
chain,Chain,10,9,0.1,0.0,1.0,12,cad,Proposed CA-D,120.2988,120.2988,1.0,1.0,1.0,0.0,0.0,0,1.0,,,0,0,0.0,0.0,0.0,0.0,0
chain,Chain,10,9,0.1,0.0,1.0,13,heft,HEFT,144.918,144.918,1.0,1.0,1.0,0.0,0.0,0,1.0,,,0,0,0.0,0.0,0.0,0.0,0
chain,Chain,10,9,0.1,0.0,1.0,13,cdls,CD-LS,144.918,144.918,1.0,1.0,1.0,0.0,0.0,0,1.0,,,0,0,0.0,0.0,0.0,0.0,0
chain,Chain,10,9,0.1,0.0,1.0,13,cad,Proposed CA-D,144.918,144.918,1.0,1.0,1.0,0.0,0.0,0,1.0,,,0,0,0.0,0.0,0.0,0.0,0
chain,Chain,10,9,0.1,0.0,1.0,14,heft,HEFT,146.9409,146.9409,1.0,1.0,1.0,0.0,0.0,0,1.0,,,0,0,0.0,0.0,0.0,0.0,0
chain,Chain,10,9,0.1,0.0,1.0,14,cdls,CD-LS,146.9409,146.9409,1.0,1.0,1.0,0.0,0.0,0,1.0,,,0,0,0.0,0.0,0.0,0.0,0
chain,Chain,10,9,0.1,0.0,1.0,14,cad,Proposed CA-D,146.9409,146.9409,1.0,1.0,1.0,0.0,0.0,0,1.0,,,0,0,0.0,0.0,0.0,0.0,0
chain,Chain,10,9,0.1,0.0,1.0,15,heft,HEFT,126.6909,126.6909,1.0,1.0,1.0,0.0,0.0,0,1.0,,,0,0,0.0,0.0,0.0,0.0,0
chain,Chain,10,9,0.1,0.0,1.0,15,cdls,CD-LS,126.6909,126.6909,1.0,1.0,1.0,0.0,0.0,0,1.0,,,0,0,0.0,0.0,0.0,0.0,0
chain,Chain,10,9,0.1,0.0,1.0,15,cad,Proposed CA-D,126.6909,126.6909,1.0,1.0,1.0,0.0,0.0,0,1.0,,,0,0,0.0,0.0,0.0,0.0,0
chain,Chain,10,9,0.1,0.0,1.0,16,heft,HEFT,119.8758,119.8758,1.0,1.0,1.0,0.0,0.0,0,1.0,,,0,0,0.0,0.0,0.0,0.0,0
chain,Chain,10,9,0.1,0.0,1.0,16,cdls,CD-LS,119.8758,119.8758,1.0,1.0,1.0,0.0,0.0,0,1.0,,,0,0,0.0,0.0,0.0,0.0,0
chain,Chain,10,9,0.1,0.0,1.0,16,cad,Proposed CA-D,119.8758,119.8758,1.0,1.0,1.0,0.0,0.0,0,1.0,,,0,0,0.0,0.0,0.0,0.0,0
chain,Chain,10,9,0.1,0.0,1.0,17,heft,HEFT,114.8573,114.8573,1.0,1.0,1.0,0.0,0.0,0,1.0,,,0,0,0.0,0.0,0.0,0.0,0
chain,Chain,10,9,0.1,0.0,1.0,17,cdls,CD-LS,114.8573,114.8573,1.0,1.0,1.0,0.0,0.0,0,1.0,,,0,0,0.0,0.0,0.0,0.0,0
chain,Chain,10,9,0.1,0.0,1.0,17,cad,Proposed CA-D,114.8573,114.8573,1.0,1.0,1.0,0.0,0.0,0,1.0,,,0,0,0.0,0.0,0.0,0.0,0
chain,Chain,10,9,0.1,0.0,1.0,18,heft,HEFT,122.4938,122.4938,1.0,1.0,1.0,0.0,0.0,0,1.0,,,0,0,0.0,0.0,0.0,0.0,0
chain,Chain,10,9,0.1,0.0,1.0,18,cdls,CD-LS,122.4938,122.4938,1.0,1.0,1.0,0.0,0.0,0,1.0,,,0,0,0.0,0.0,0.0,0.0,0
chain,Chain,10,9,0.1,0.0,1.0,18,cad,Proposed CA-D,122.4938,122.4938,1.0,1.0,1.0,0.0,0.0,0,1.0,,,0,0,0.0,0.0,0.0,0.0,0
chain,Chain,10,9,0.1,0.0,1.0,19,heft,HEFT,128.8486,128.8486,1.0,1.0,1.0,0.0,0.0,0,1.0,,,0,0,0.0,0.0,0.0,0.0,0
chain,Chain,10,9,0.1,0.0,1.0,19,cdls,CD-LS,128.8486,128.8486,1.0,1.0,1.0,0.0,0.0,0,1.0,,,0,0,0.0,0.0,0.0,0.0,0
chain,Chain,10,9,0.1,0.0,1.0,19,cad,Proposed CA-D,128.8486,128.8486,1.0,1.0,1.0,0.0,0.0,0,1.0,,,0,0,0.0,0.0,0.0,0.0,0
chain,Chain,10,9,1.0,0.0,1.0,0,heft,HEFT,132.5766,132.5766,1.0,1.0,1.0,0.0,0.0,0,1.0,,,0,0,0.0,0.0,0.0,0.0,0
chain,Chain,10,9,1.0,0.0,1.0,0,cdls,CD-LS,132.5766,132.5766,1.0,1.0,1.0,0.0,0.0,0,1.0,,,0,0,0.0,0.0,0.0,0.0,0
chain,Chain,10,9,1.0,0.0,1.0,0,cad,Proposed CA-D,132.5766,132.5766,1.0,1.0,1.0,0.0,0.0,0,1.0,,,0,0,0.0,0.0,0.0,0.0,0
chain,Chain,10,9,1.0,0.0,1.0,1,heft,HEFT,126.5646,126.5646,1.0,1.0,1.0,0.0,0.0,0,1.0,,,0,0,0.0,0.0,0.0,0.0,0
chain,Chain,10,9,1.0,0.0,1.0,1,cdls,CD-LS,126.5646,126.5646,1.0,1.0,1.0,0.0,0.0,0,1.0,,,0,0,0.0,0.0,0.0,0.0,0
chain,Chain,10,9,1.0,0.0,1.0,1,cad,Proposed CA-D,126.5646,126.5646,1.0,1.0,1.0,0.0,0.0,0,1.0,,,0,0,0.0,0.0,0.0,0.0,0
chain,Chain,10,9,1.0,0.0,1.0,2,heft,HEFT,109.5553,109.5553,1.0,1.0,1.0,0.0,0.0,0,1.0,,,0,0,0.0,0.0,0.0,0.0,0
chain,Chain,10,9,1.0,0.0,1.0,2,cdls,CD-LS,109.5553,109.5553,1.0,1.0,1.0,0.0,0.0,0,1.0,,,0,0,0.0,0.0,0.0,0.0,0
chain,Chain,10,9,1.0,0.0,1.0,2,cad,Proposed CA-D,109.5553,109.5553,1.0,1.0,1.0,0.0,0.0,0,1.0,,,0,0,0.0,0.0,0.0,0.0,0
chain,Chain,10,9,1.0,0.0,1.0,3,heft,HEFT,105.8029,105.8029,1.0,1.0,1.0,0.0,0.0,0,1.0,,,0,0,0.0,0.0,0.0,0.0,0
chain,Chain,10,9,1.0,0.0,1.0,3,cdls,CD-LS,105.8029,105.8029,1.0,1.0,1.0,0.0,0.0,0,1.0,,,0,0,0.0,0.0,0.0,0.0,0
chain,Chain,10,9,1.0,0.0,1.0,3,cad,Proposed CA-D,105.8029,105.8029,1.0,1.0,1.0,0.0,0.0,0,1.0,,,0,0,0.0,0.0,0.0,0.0,0
chain,Chain,10,9,1.0,0.0,1.0,4,heft,HEFT,138.3097,138.3097,1.0,1.0,1.0,0.0,0.0,0,1.0,,,0,0,0.0,0.0,0.0,0.0,0
chain,Chain,10,9,1.0,0.0,1.0,4,cdls,CD-LS,138.3097,138.3097,1.0,1.0,1.0,0.0,0.0,0,1.0,,,0,0,0.0,0.0,0.0,0.0,0
chain,Chain,10,9,1.0,0.0,1.0,4,cad,Proposed CA-D,138.3097,138.3097,1.0,1.0,1.0,0.0,0.0,0,1.0,,,0,0,0.0,0.0,0.0,0.0,0
chain,Chain,10,9,1.0,0.0,1.0,5,heft,HEFT,115.2958,115.2958,1.0,1.0,1.0,0.0,0.0,0,1.0,,,0,0,0.0,0.0,0.0,0.0,0
chain,Chain,10,9,1.0,0.0,1.0,5,cdls,CD-LS,115.2958,115.2958,1.0,1.0,1.0,0.0,0.0,0,1.0,,,0,0,0.0,0.0,0.0,0.0,0
chain,Chain,10,9,1.0,0.0,1.0,5,cad,Proposed CA-D,115.2958,115.2958,1.0,1.0,1.0,0.0,0.0,0,1.0,,,0,0,0.0,0.0,0.0,0.0,0
chain,Chain,10,9,1.0,0.0,1.0,6,heft,HEFT,125.7857,125.7857,1.0,1.0,1.0,0.0,0.0,0,1.0,,,0,0,0.0,0.0,0.0,0.0,0
chain,Chain,10,9,1.0,0.0,1.0,6,cdls,CD-LS,125.7857,125.7857,1.0,1.0,1.0,0.0,0.0,0,1.0,,,0,0,0.0,0.0,0.0,0.0,0
chain,Chain,10,9,1.0,0.0,1.0,6,cad,Proposed CA-D,125.7857,125.7857,1.0,1.0,1.0,0.0,0.0,0,1.0,,,0,0,0.0,0.0,0.0,0.0,0
chain,Chain,10,9,1.0,0.0,1.0,7,heft,HEFT,136.8263,136.8263,1.0,1.0,1.0,0.0,0.0,0,1.0,,,0,0,0.0,0.0,0.0,0.0,0
chain,Chain,10,9,1.0,0.0,1.0,7,cdls,CD-LS,136.8263,136.8263,1.0,1.0,1.0,0.0,0.0,0,1.0,,,0,0,0.0,0.0,0.0,0.0,0
chain,Chain,10,9,1.0,0.0,1.0,7,cad,Proposed CA-D,136.8263,136.8263,1.0,1.0,1.0,0.0,0.0,0,1.0,,,0,0,0.0,0.0,0.0,0.0,0
chain,Chain,10,9,1.0,0.0,1.0,8,heft,HEFT,126.1856,126.1856,1.0,1.0,1.0,0.0,0.0,0,1.0,,,0,0,0.0,0.0,0.0,0.0,0
chain,Chain,10,9,1.0,0.0,1.0,8,cdls,CD-LS,126.1856,126.1856,1.0,1.0,1.0,0.0,0.0,0,1.0,,,0,0,0.0,0.0,0.0,0.0,0
chain,Chain,10,9,1.0,0.0,1.0,8,cad,Proposed CA-D,126.1856,126.1856,1.0,1.0,1.0,0.0,0.0,0,1.0,,,0,0,0.0,0.0,0.0,0.0,0
chain,Chain,10,9,1.0,0.0,1.0,9,heft,HEFT,146.1751,146.1751,1.0,1.0,1.0,0.0,0.0,0,1.0,,,0,0,0.0,0.0,0.0,0.0,0
chain,Chain,10,9,1.0,0.0,1.0,9,cdls,CD-LS,146.1751,146.1751,1.0,1.0,1.0,0.0,0.0,0,1.0,,,0,0,0.0,0.0,0.0,0.0,0
chain,Chain,10,9,1.0,0.0,1.0,9,cad,Proposed CA-D,146.1751,146.1751,1.0,1.0,1.0,0.0,0.0,0,1.0,,,0,0,0.0,0.0,0.0,0.0,0
chain,Chain,10,9,1.0,0.0,1.0,10,heft,HEFT,135.5503,135.5503,1.0,1.0,1.0,0.0,0.0,0,1.0,,,0,0,0.0,0.0,0.0,0.0,0
chain,Chain,10,9,1.0,0.0,1.0,10,cdls,CD-LS,135.5503,135.5503,1.0,1.0,1.0,0.0,0.0,0,1.0,,,0,0,0.0,0.0,0.0,0.0,0
chain,Chain,10,9,1.0,0.0,1.0,10,cad,Proposed CA-D,135.5503,135.5503,1.0,1.0,1.0,0.0,0.0,0,1.0,,,0,0,0.0,0.0,0.0,0.0,0
chain,Chain,10,9,1.0,0.0,1.0,11,heft,HEFT,111.5687,111.5687,1.0,1.0,1.0,0.0,0.0,0,1.0,,,0,0,0.0,0.0,0.0,0.0,0
chain,Chain,10,9,1.0,0.0,1.0,11,cdls,CD-LS,111.5687,111.5687,1.0,1.0,1.0,0.0,0.0,0,1.0,,,0,0,0.0,0.0,0.0,0.0,0
chain,Chain,10,9,1.0,0.0,1.0,11,cad,Proposed CA-D,111.5687,111.5687,1.0,1.0,1.0,0.0,0.0,0,1.0,,,0,0,0.0,0.0,0.0,0.0,0
chain,Chain,10,9,1.0,0.0,1.0,12,heft,HEFT,120.2988,120.2988,1.0,1.0,1.0,0.0,0.0,0,1.0,,,0,0,0.0,0.0,0.0,0.0,0
chain,Chain,10,9,1.0,0.0,1.0,12,cdls,CD-LS,120.2988,120.2988,1.0,1.0,1.0,0.0,0.0,0,1.0,,,0,0,0.0,0.0,0.0,0.0,0
chain,Chain,10,9,1.0,0.0,1.0,12,cad,Proposed CA-D,120.2988,120.2988,1.0,1.0,1.0,0.0,0.0,0,1.0,,,0,0,0.0,0.0,0.0,0.0,0
chain,Chain,10,9,1.0,0.0,1.0,13,heft,HEFT,144.918,144.918,1.0,1.0,1.0,0.0,0.0,0,1.0,,,0,0,0.0,0.0,0.0,0.0,0
chain,Chain,10,9,1.0,0.0,1.0,13,cdls,CD-LS,144.918,144.918,1.0,1.0,1.0,0.0,0.0,0,1.0,,,0,0,0.0,0.0,0.0,0.0,0
chain,Chain,10,9,1.0,0.0,1.0,13,cad,Proposed CA-D,144.918,144.918,1.0,1.0,1.0,0.0,0.0,0,1.0,,,0,0,0.0,0.0,0.0,0.0,0
chain,Chain,10,9,1.0,0.0,1.0,14,heft,HEFT,146.9409,146.9409,1.0,1.0,1.0,0.0,0.0,0,1.0,,,0,0,0.0,0.0,0.0,0.0,0
chain,Chain,10,9,1.0,0.0,1.0,14,cdls,CD-LS,146.9409,146.9409,1.0,1.0,1.0,0.0,0.0,0,1.0,,,0,0,0.0,0.0,0.0,0.0,0
chain,Chain,10,9,1.0,0.0,1.0,14,cad,Proposed CA-D,146.9409,146.9409,1.0,1.0,1.0,0.0,0.0,0,1.0,,,0,0,0.0,0.0,0.0,0.0,0
chain,Chain,10,9,1.0,0.0,1.0,15,heft,HEFT,126.6909,126.6909,1.0,1.0,1.0,0.0,0.0,0,1.0,,,0,0,0.0,0.0,0.0,0.0,0
chain,Chain,10,9,1.0,0.0,1.0,15,cdls,CD-LS,126.6909,126.6909,1.0,1.0,1.0,0.0,0.0,0,1.0,,,0,0,0.0,0.0,0.0,0.0,0
chain,Chain,10,9,1.0,0.0,1.0,15,cad,Proposed CA-D,126.6909,126.6909,1.0,1.0,1.0,0.0,0.0,0,1.0,,,0,0,0.0,0.0,0.0,0.0,0
chain,Chain,10,9,1.0,0.0,1.0,16,heft,HEFT,119.8758,119.8758,1.0,1.0,1.0,0.0,0.0,0,1.0,,,0,0,0.0,0.0,0.0,0.0,0
chain,Chain,10,9,1.0,0.0,1.0,16,cdls,CD-LS,119.8758,119.8758,1.0,1.0,1.0,0.0,0.0,0,1.0,,,0,0,0.0,0.0,0.0,0.0,0
chain,Chain,10,9,1.0,0.0,1.0,16,cad,Proposed CA-D,119.8758,119.8758,1.0,1.0,1.0,0.0,0.0,0,1.0,,,0,0,0.0,0.0,0.0,0.0,0
chain,Chain,10,9,1.0,0.0,1.0,17,heft,HEFT,114.8573,114.8573,1.0,1.0,1.0,0.0,0.0,0,1.0,,,0,0,0.0,0.0,0.0,0.0,0
chain,Chain,10,9,1.0,0.0,1.0,17,cdls,CD-LS,114.8573,114.8573,1.0,1.0,1.0,0.0,0.0,0,1.0,,,0,0,0.0,0.0,0.0,0.0,0
chain,Chain,10,9,1.0,0.0,1.0,17,cad,Proposed CA-D,114.8573,114.8573,1.0,1.0,1.0,0.0,0.0,0,1.0,,,0,0,0.0,0.0,0.0,0.0,0
chain,Chain,10,9,1.0,0.0,1.0,18,heft,HEFT,122.4938,122.4938,1.0,1.0,1.0,0.0,0.0,0,1.0,,,0,0,0.0,0.0,0.0,0.0,0
chain,Chain,10,9,1.0,0.0,1.0,18,cdls,CD-LS,122.4938,122.4938,1.0,1.0,1.0,0.0,0.0,0,1.0,,,0,0,0.0,0.0,0.0,0.0,0
chain,Chain,10,9,1.0,0.0,1.0,18,cad,Proposed CA-D,122.4938,122.4938,1.0,1.0,1.0,0.0,0.0,0,1.0,,,0,0,0.0,0.0,0.0,0.0,0
chain,Chain,10,9,1.0,0.0,1.0,19,heft,HEFT,128.8486,128.8486,1.0,1.0,1.0,0.0,0.0,0,1.0,,,0,0,0.0,0.0,0.0,0.0,0
chain,Chain,10,9,1.0,0.0,1.0,19,cdls,CD-LS,128.8486,128.8486,1.0,1.0,1.0,0.0,0.0,0,1.0,,,0,0,0.0,0.0,0.0,0.0,0
chain,Chain,10,9,1.0,0.0,1.0,19,cad,Proposed CA-D,128.8486,128.8486,1.0,1.0,1.0,0.0,0.0,0,1.0,,,0,0,0.0,0.0,0.0,0.0,0
chain,Chain,10,9,5.0,0.0,1.0,0,heft,HEFT,132.5766,132.5766,1.0,1.0,1.0,0.0,0.0,0,1.0,,,0,0,0.0,0.0,0.0,0.0,0
chain,Chain,10,9,5.0,0.0,1.0,0,cdls,CD-LS,132.5766,132.5766,1.0,1.0,1.0,0.0,0.0,0,1.0,,,0,0,0.0,0.0,0.0,0.0,0
chain,Chain,10,9,5.0,0.0,1.0,0,cad,Proposed CA-D,132.5766,132.5766,1.0,1.0,1.0,0.0,0.0,0,1.0,,,0,0,0.0,0.0,0.0,0.0,0
chain,Chain,10,9,5.0,0.0,1.0,1,heft,HEFT,126.5646,126.5646,1.0,1.0,1.0,0.0,0.0,0,1.0,,,0,0,0.0,0.0,0.0,0.0,0
chain,Chain,10,9,5.0,0.0,1.0,1,cdls,CD-LS,126.5646,126.5646,1.0,1.0,1.0,0.0,0.0,0,1.0,,,0,0,0.0,0.0,0.0,0.0,0
chain,Chain,10,9,5.0,0.0,1.0,1,cad,Proposed CA-D,126.5646,126.5646,1.0,1.0,1.0,0.0,0.0,0,1.0,,,0,0,0.0,0.0,0.0,0.0,0
chain,Chain,10,9,5.0,0.0,1.0,2,heft,HEFT,109.5553,109.5553,1.0,1.0,1.0,0.0,0.0,0,1.0,,,0,0,0.0,0.0,0.0,0.0,0
chain,Chain,10,9,5.0,0.0,1.0,2,cdls,CD-LS,109.5553,109.5553,1.0,1.0,1.0,0.0,0.0,0,1.0,,,0,0,0.0,0.0,0.0,0.0,0
chain,Chain,10,9,5.0,0.0,1.0,2,cad,Proposed CA-D,109.5553,109.5553,1.0,1.0,1.0,0.0,0.0,0,1.0,,,0,0,0.0,0.0,0.0,0.0,0
chain,Chain,10,9,5.0,0.0,1.0,3,heft,HEFT,105.8029,105.8029,1.0,1.0,1.0,0.0,0.0,0,1.0,,,0,0,0.0,0.0,0.0,0.0,0
chain,Chain,10,9,5.0,0.0,1.0,3,cdls,CD-LS,105.8029,105.8029,1.0,1.0,1.0,0.0,0.0,0,1.0,,,0,0,0.0,0.0,0.0,0.0,0
chain,Chain,10,9,5.0,0.0,1.0,3,cad,Proposed CA-D,105.8029,105.8029,1.0,1.0,1.0,0.0,0.0,0,1.0,,,0,0,0.0,0.0,0.0,0.0,0
chain,Chain,10,9,5.0,0.0,1.0,4,heft,HEFT,138.3097,138.3097,1.0,1.0,1.0,0.0,0.0,0,1.0,,,0,0,0.0,0.0,0.0,0.0,0
chain,Chain,10,9,5.0,0.0,1.0,4,cdls,CD-LS,138.3097,138.3097,1.0,1.0,1.0,0.0,0.0,0,1.0,,,0,0,0.0,0.0,0.0,0.0,0
chain,Chain,10,9,5.0,0.0,1.0,4,cad,Proposed CA-D,138.3097,138.3097,1.0,1.0,1.0,0.0,0.0,0,1.0,,,0,0,0.0,0.0,0.0,0.0,0
chain,Chain,10,9,5.0,0.0,1.0,5,heft,HEFT,115.2958,115.2958,1.0,1.0,1.0,0.0,0.0,0,1.0,,,0,0,0.0,0.0,0.0,0.0,0
chain,Chain,10,9,5.0,0.0,1.0,5,cdls,CD-LS,115.2958,115.2958,1.0,1.0,1.0,0.0,0.0,0,1.0,,,0,0,0.0,0.0,0.0,0.0,0
chain,Chain,10,9,5.0,0.0,1.0,5,cad,Proposed CA-D,115.2958,115.2958,1.0,1.0,1.0,0.0,0.0,0,1.0,,,0,0,0.0,0.0,0.0,0.0,0
chain,Chain,10,9,5.0,0.0,1.0,6,heft,HEFT,125.7857,125.7857,1.0,1.0,1.0,0.0,0.0,0,1.0,,,0,0,0.0,0.0,0.0,0.0,0
chain,Chain,10,9,5.0,0.0,1.0,6,cdls,CD-LS,125.7857,125.7857,1.0,1.0,1.0,0.0,0.0,0,1.0,,,0,0,0.0,0.0,0.0,0.0,0
chain,Chain,10,9,5.0,0.0,1.0,6,cad,Proposed CA-D,125.7857,125.7857,1.0,1.0,1.0,0.0,0.0,0,1.0,,,0,0,0.0,0.0,0.0,0.0,0
chain,Chain,10,9,5.0,0.0,1.0,7,heft,HEFT,136.8263,136.8263,1.0,1.0,1.0,0.0,0.0,0,1.0,,,0,0,0.0,0.0,0.0,0.0,0
chain,Chain,10,9,5.0,0.0,1.0,7,cdls,CD-LS,136.8263,136.8263,1.0,1.0,1.0,0.0,0.0,0,1.0,,,0,0,0.0,0.0,0.0,0.0,0
chain,Chain,10,9,5.0,0.0,1.0,7,cad,Proposed CA-D,136.8263,136.8263,1.0,1.0,1.0,0.0,0.0,0,1.0,,,0,0,0.0,0.0,0.0,0.0,0
chain,Chain,10,9,5.0,0.0,1.0,8,heft,HEFT,126.1856,126.1856,1.0,1.0,1.0,0.0,0.0,0,1.0,,,0,0,0.0,0.0,0.0,0.0,0
chain,Chain,10,9,5.0,0.0,1.0,8,cdls,CD-LS,126.1856,126.1856,1.0,1.0,1.0,0.0,0.0,0,1.0,,,0,0,0.0,0.0,0.0,0.0,0
chain,Chain,10,9,5.0,0.0,1.0,8,cad,Proposed CA-D,126.1856,126.1856,1.0,1.0,1.0,0.0,0.0,0,1.0,,,0,0,0.0,0.0,0.0,0.0,0
chain,Chain,10,9,5.0,0.0,1.0,9,heft,HEFT,146.1751,146.1751,1.0,1.0,1.0,0.0,0.0,0,1.0,,,0,0,0.0,0.0,0.0,0.0,0
chain,Chain,10,9,5.0,0.0,1.0,9,cdls,CD-LS,146.1751,146.1751,1.0,1.0,1.0,0.0,0.0,0,1.0,,,0,0,0.0,0.0,0.0,0.0,0
chain,Chain,10,9,5.0,0.0,1.0,9,cad,Proposed CA-D,146.1751,146.1751,1.0,1.0,1.0,0.0,0.0,0,1.0,,,0,0,0.0,0.0,0.0,0.0,0
chain,Chain,10,9,5.0,0.0,1.0,10,heft,HEFT,135.5503,135.5503,1.0,1.0,1.0,0.0,0.0,0,1.0,,,0,0,0.0,0.0,0.0,0.0,0
chain,Chain,10,9,5.0,0.0,1.0,10,cdls,CD-LS,135.5503,135.5503,1.0,1.0,1.0,0.0,0.0,0,1.0,,,0,0,0.0,0.0,0.0,0.0,0
chain,Chain,10,9,5.0,0.0,1.0,10,cad,Proposed CA-D,135.5503,135.5503,1.0,1.0,1.0,0.0,0.0,0,1.0,,,0,0,0.0,0.0,0.0,0.0,0
chain,Chain,10,9,5.0,0.0,1.0,11,heft,HEFT,111.5687,111.5687,1.0,1.0,1.0,0.0,0.0,0,1.0,,,0,0,0.0,0.0,0.0,0.0,0
chain,Chain,10,9,5.0,0.0,1.0,11,cdls,CD-LS,111.5687,111.5687,1.0,1.0,1.0,0.0,0.0,0,1.0,,,0,0,0.0,0.0,0.0,0.0,0
chain,Chain,10,9,5.0,0.0,1.0,11,cad,Proposed CA-D,111.5687,111.5687,1.0,1.0,1.0,0.0,0.0,0,1.0,,,0,0,0.0,0.0,0.0,0.0,0
chain,Chain,10,9,5.0,0.0,1.0,12,heft,HEFT,120.2988,120.2988,1.0,1.0,1.0,0.0,0.0,0,1.0,,,0,0,0.0,0.0,0.0,0.0,0
chain,Chain,10,9,5.0,0.0,1.0,12,cdls,CD-LS,120.2988,120.2988,1.0,1.0,1.0,0.0,0.0,0,1.0,,,0,0,0.0,0.0,0.0,0.0,0
chain,Chain,10,9,5.0,0.0,1.0,12,cad,Proposed CA-D,120.2988,120.2988,1.0,1.0,1.0,0.0,0.0,0,1.0,,,0,0,0.0,0.0,0.0,0.0,0
chain,Chain,10,9,5.0,0.0,1.0,13,heft,HEFT,144.918,144.918,1.0,1.0,1.0,0.0,0.0,0,1.0,,,0,0,0.0,0.0,0.0,0.0,0
chain,Chain,10,9,5.0,0.0,1.0,13,cdls,CD-LS,144.918,144.918,1.0,1.0,1.0,0.0,0.0,0,1.0,,,0,0,0.0,0.0,0.0,0.0,0
chain,Chain,10,9,5.0,0.0,1.0,13,cad,Proposed CA-D,144.918,144.918,1.0,1.0,1.0,0.0,0.0,0,1.0,,,0,0,0.0,0.0,0.0,0.0,0
chain,Chain,10,9,5.0,0.0,1.0,14,heft,HEFT,146.9409,146.9409,1.0,1.0,1.0,0.0,0.0,0,1.0,,,0,0,0.0,0.0,0.0,0.0,0
chain,Chain,10,9,5.0,0.0,1.0,14,cdls,CD-LS,146.9409,146.9409,1.0,1.0,1.0,0.0,0.0,0,1.0,,,0,0,0.0,0.0,0.0,0.0,0
chain,Chain,10,9,5.0,0.0,1.0,14,cad,Proposed CA-D,146.9409,146.9409,1.0,1.0,1.0,0.0,0.0,0,1.0,,,0,0,0.0,0.0,0.0,0.0,0
chain,Chain,10,9,5.0,0.0,1.0,15,heft,HEFT,126.6909,126.6909,1.0,1.0,1.0,0.0,0.0,0,1.0,,,0,0,0.0,0.0,0.0,0.0,0
chain,Chain,10,9,5.0,0.0,1.0,15,cdls,CD-LS,126.6909,126.6909,1.0,1.0,1.0,0.0,0.0,0,1.0,,,0,0,0.0,0.0,0.0,0.0,0
chain,Chain,10,9,5.0,0.0,1.0,15,cad,Proposed CA-D,126.6909,126.6909,1.0,1.0,1.0,0.0,0.0,0,1.0,,,0,0,0.0,0.0,0.0,0.0,0
chain,Chain,10,9,5.0,0.0,1.0,16,heft,HEFT,119.8758,119.8758,1.0,1.0,1.0,0.0,0.0,0,1.0,,,0,0,0.0,0.0,0.0,0.0,0
chain,Chain,10,9,5.0,0.0,1.0,16,cdls,CD-LS,119.8758,119.8758,1.0,1.0,1.0,0.0,0.0,0,1.0,,,0,0,0.0,0.0,0.0,0.0,0
chain,Chain,10,9,5.0,0.0,1.0,16,cad,Proposed CA-D,119.8758,119.8758,1.0,1.0,1.0,0.0,0.0,0,1.0,,,0,0,0.0,0.0,0.0,0.0,0
chain,Chain,10,9,5.0,0.0,1.0,17,heft,HEFT,114.8573,114.8573,1.0,1.0,1.0,0.0,0.0,0,1.0,,,0,0,0.0,0.0,0.0,0.0,0
chain,Chain,10,9,5.0,0.0,1.0,17,cdls,CD-LS,114.8573,114.8573,1.0,1.0,1.0,0.0,0.0,0,1.0,,,0,0,0.0,0.0,0.0,0.0,0
chain,Chain,10,9,5.0,0.0,1.0,17,cad,Proposed CA-D,114.8573,114.8573,1.0,1.0,1.0,0.0,0.0,0,1.0,,,0,0,0.0,0.0,0.0,0.0,0
chain,Chain,10,9,5.0,0.0,1.0,18,heft,HEFT,122.4938,122.4938,1.0,1.0,1.0,0.0,0.0,0,1.0,,,0,0,0.0,0.0,0.0,0.0,0
chain,Chain,10,9,5.0,0.0,1.0,18,cdls,CD-LS,122.4938,122.4938,1.0,1.0,1.0,0.0,0.0,0,1.0,,,0,0,0.0,0.0,0.0,0.0,0
chain,Chain,10,9,5.0,0.0,1.0,18,cad,Proposed CA-D,122.4938,122.4938,1.0,1.0,1.0,0.0,0.0,0,1.0,,,0,0,0.0,0.0,0.0,0.0,0
chain,Chain,10,9,5.0,0.0,1.0,19,heft,HEFT,128.8486,128.8486,1.0,1.0,1.0,0.0,0.0,0,1.0,,,0,0,0.0,0.0,0.0,0.0,0
chain,Chain,10,9,5.0,0.0,1.0,19,cdls,CD-LS,128.8486,128.8486,1.0,1.0,1.0,0.0,0.0,0,1.0,,,0,0,0.0,0.0,0.0,0.0,0
chain,Chain,10,9,5.0,0.0,1.0,19,cad,Proposed CA-D,128.8486,128.8486,1.0,1.0,1.0,0.0,0.0,0,1.0,,,0,0,0.0,0.0,0.0,0.0,0
chain,Chain,10,9,10.0,0.0,1.0,0,heft,HEFT,132.5766,132.5766,1.0,1.0,1.0,0.0,0.0,0,1.0,,,0,0,0.0,0.0,0.0,0.0,0
chain,Chain,10,9,10.0,0.0,1.0,0,cdls,CD-LS,132.5766,132.5766,1.0,1.0,1.0,0.0,0.0,0,1.0,,,0,0,0.0,0.0,0.0,0.0,0
chain,Chain,10,9,10.0,0.0,1.0,0,cad,Proposed CA-D,132.5766,132.5766,1.0,1.0,1.0,0.0,0.0,0,1.0,,,0,0,0.0,0.0,0.0,0.0,0
chain,Chain,10,9,10.0,0.0,1.0,1,heft,HEFT,126.5646,126.5646,1.0,1.0,1.0,0.0,0.0,0,1.0,,,0,0,0.0,0.0,0.0,0.0,0
chain,Chain,10,9,10.0,0.0,1.0,1,cdls,CD-LS,126.5646,126.5646,1.0,1.0,1.0,0.0,0.0,0,1.0,,,0,0,0.0,0.0,0.0,0.0,0
chain,Chain,10,9,10.0,0.0,1.0,1,cad,Proposed CA-D,126.5646,126.5646,1.0,1.0,1.0,0.0,0.0,0,1.0,,,0,0,0.0,0.0,0.0,0.0,0
chain,Chain,10,9,10.0,0.0,1.0,2,heft,HEFT,109.5553,109.5553,1.0,1.0,1.0,0.0,0.0,0,1.0,,,0,0,0.0,0.0,0.0,0.0,0
chain,Chain,10,9,10.0,0.0,1.0,2,cdls,CD-LS,109.5553,109.5553,1.0,1.0,1.0,0.0,0.0,0,1.0,,,0,0,0.0,0.0,0.0,0.0,0
chain,Chain,10,9,10.0,0.0,1.0,2,cad,Proposed CA-D,109.5553,109.5553,1.0,1.0,1.0,0.0,0.0,0,1.0,,,0,0,0.0,0.0,0.0,0.0,0
chain,Chain,10,9,10.0,0.0,1.0,3,heft,HEFT,105.8029,105.8029,1.0,1.0,1.0,0.0,0.0,0,1.0,,,0,0,0.0,0.0,0.0,0.0,0
chain,Chain,10,9,10.0,0.0,1.0,3,cdls,CD-LS,105.8029,105.8029,1.0,1.0,1.0,0.0,0.0,0,1.0,,,0,0,0.0,0.0,0.0,0.0,0
chain,Chain,10,9,10.0,0.0,1.0,3,cad,Proposed CA-D,105.8029,105.8029,1.0,1.0,1.0,0.0,0.0,0,1.0,,,0,0,0.0,0.0,0.0,0.0,0
chain,Chain,10,9,10.0,0.0,1.0,4,heft,HEFT,138.3097,138.3097,1.0,1.0,1.0,0.0,0.0,0,1.0,,,0,0,0.0,0.0,0.0,0.0,0
chain,Chain,10,9,10.0,0.0,1.0,4,cdls,CD-LS,138.3097,138.3097,1.0,1.0,1.0,0.0,0.0,0,1.0,,,0,0,0.0,0.0,0.0,0.0,0
chain,Chain,10,9,10.0,0.0,1.0,4,cad,Proposed CA-D,138.3097,138.3097,1.0,1.0,1.0,0.0,0.0,0,1.0,,,0,0,0.0,0.0,0.0,0.0,0
chain,Chain,10,9,10.0,0.0,1.0,5,heft,HEFT,115.2958,115.2958,1.0,1.0,1.0,0.0,0.0,0,1.0,,,0,0,0.0,0.0,0.0,0.0,0
chain,Chain,10,9,10.0,0.0,1.0,5,cdls,CD-LS,115.2958,115.2958,1.0,1.0,1.0,0.0,0.0,0,1.0,,,0,0,0.0,0.0,0.0,0.0,0
chain,Chain,10,9,10.0,0.0,1.0,5,cad,Proposed CA-D,115.2958,115.2958,1.0,1.0,1.0,0.0,0.0,0,1.0,,,0,0,0.0,0.0,0.0,0.0,0
chain,Chain,10,9,10.0,0.0,1.0,6,heft,HEFT,125.7857,125.7857,1.0,1.0,1.0,0.0,0.0,0,1.0,,,0,0,0.0,0.0,0.0,0.0,0
chain,Chain,10,9,10.0,0.0,1.0,6,cdls,CD-LS,125.7857,125.7857,1.0,1.0,1.0,0.0,0.0,0,1.0,,,0,0,0.0,0.0,0.0,0.0,0
chain,Chain,10,9,10.0,0.0,1.0,6,cad,Proposed CA-D,125.7857,125.7857,1.0,1.0,1.0,0.0,0.0,0,1.0,,,0,0,0.0,0.0,0.0,0.0,0
chain,Chain,10,9,10.0,0.0,1.0,7,heft,HEFT,136.8263,136.8263,1.0,1.0,1.0,0.0,0.0,0,1.0,,,0,0,0.0,0.0,0.0,0.0,0
chain,Chain,10,9,10.0,0.0,1.0,7,cdls,CD-LS,136.8263,136.8263,1.0,1.0,1.0,0.0,0.0,0,1.0,,,0,0,0.0,0.0,0.0,0.0,0
chain,Chain,10,9,10.0,0.0,1.0,7,cad,Proposed CA-D,136.8263,136.8263,1.0,1.0,1.0,0.0,0.0,0,1.0,,,0,0,0.0,0.0,0.0,0.0,0
chain,Chain,10,9,10.0,0.0,1.0,8,heft,HEFT,126.1856,126.1856,1.0,1.0,1.0,0.0,0.0,0,1.0,,,0,0,0.0,0.0,0.0,0.0,0
chain,Chain,10,9,10.0,0.0,1.0,8,cdls,CD-LS,126.1856,126.1856,1.0,1.0,1.0,0.0,0.0,0,1.0,,,0,0,0.0,0.0,0.0,0.0,0
chain,Chain,10,9,10.0,0.0,1.0,8,cad,Proposed CA-D,126.1856,126.1856,1.0,1.0,1.0,0.0,0.0,0,1.0,,,0,0,0.0,0.0,0.0,0.0,0
chain,Chain,10,9,10.0,0.0,1.0,9,heft,HEFT,146.1751,146.1751,1.0,1.0,1.0,0.0,0.0,0,1.0,,,0,0,0.0,0.0,0.0,0.0,0
chain,Chain,10,9,10.0,0.0,1.0,9,cdls,CD-LS,146.1751,146.1751,1.0,1.0,1.0,0.0,0.0,0,1.0,,,0,0,0.0,0.0,0.0,0.0,0
chain,Chain,10,9,10.0,0.0,1.0,9,cad,Proposed CA-D,146.1751,146.1751,1.0,1.0,1.0,0.0,0.0,0,1.0,,,0,0,0.0,0.0,0.0,0.0,0
chain,Chain,10,9,10.0,0.0,1.0,10,heft,HEFT,135.5503,135.5503,1.0,1.0,1.0,0.0,0.0,0,1.0,,,0,0,0.0,0.0,0.0,0.0,0
chain,Chain,10,9,10.0,0.0,1.0,10,cdls,CD-LS,135.5503,135.5503,1.0,1.0,1.0,0.0,0.0,0,1.0,,,0,0,0.0,0.0,0.0,0.0,0
chain,Chain,10,9,10.0,0.0,1.0,10,cad,Proposed CA-D,135.5503,135.5503,1.0,1.0,1.0,0.0,0.0,0,1.0,,,0,0,0.0,0.0,0.0,0.0,0
chain,Chain,10,9,10.0,0.0,1.0,11,heft,HEFT,111.5687,111.5687,1.0,1.0,1.0,0.0,0.0,0,1.0,,,0,0,0.0,0.0,0.0,0.0,0
chain,Chain,10,9,10.0,0.0,1.0,11,cdls,CD-LS,111.5687,111.5687,1.0,1.0,1.0,0.0,0.0,0,1.0,,,0,0,0.0,0.0,0.0,0.0,0
chain,Chain,10,9,10.0,0.0,1.0,11,cad,Proposed CA-D,111.5687,111.5687,1.0,1.0,1.0,0.0,0.0,0,1.0,,,0,0,0.0,0.0,0.0,0.0,0
chain,Chain,10,9,10.0,0.0,1.0,12,heft,HEFT,120.2988,120.2988,1.0,1.0,1.0,0.0,0.0,0,1.0,,,0,0,0.0,0.0,0.0,0.0,0
chain,Chain,10,9,10.0,0.0,1.0,12,cdls,CD-LS,120.2988,120.2988,1.0,1.0,1.0,0.0,0.0,0,1.0,,,0,0,0.0,0.0,0.0,0.0,0
chain,Chain,10,9,10.0,0.0,1.0,12,cad,Proposed CA-D,120.2988,120.2988,1.0,1.0,1.0,0.0,0.0,0,1.0,,,0,0,0.0,0.0,0.0,0.0,0
chain,Chain,10,9,10.0,0.0,1.0,13,heft,HEFT,144.918,144.918,1.0,1.0,1.0,0.0,0.0,0,1.0,,,0,0,0.0,0.0,0.0,0.0,0
chain,Chain,10,9,10.0,0.0,1.0,13,cdls,CD-LS,144.918,144.918,1.0,1.0,1.0,0.0,0.0,0,1.0,,,0,0,0.0,0.0,0.0,0.0,0
chain,Chain,10,9,10.0,0.0,1.0,13,cad,Proposed CA-D,144.918,144.918,1.0,1.0,1.0,0.0,0.0,0,1.0,,,0,0,0.0,0.0,0.0,0.0,0
chain,Chain,10,9,10.0,0.0,1.0,14,heft,HEFT,146.9409,146.9409,1.0,1.0,1.0,0.0,0.0,0,1.0,,,0,0,0.0,0.0,0.0,0.0,0
chain,Chain,10,9,10.0,0.0,1.0,14,cdls,CD-LS,146.9409,146.9409,1.0,1.0,1.0,0.0,0.0,0,1.0,,,0,0,0.0,0.0,0.0,0.0,0
chain,Chain,10,9,10.0,0.0,1.0,14,cad,Proposed CA-D,146.9409,146.9409,1.0,1.0,1.0,0.0,0.0,0,1.0,,,0,0,0.0,0.0,0.0,0.0,0
chain,Chain,10,9,10.0,0.0,1.0,15,heft,HEFT,126.6909,126.6909,1.0,1.0,1.0,0.0,0.0,0,1.0,,,0,0,0.0,0.0,0.0,0.0,0
chain,Chain,10,9,10.0,0.0,1.0,15,cdls,CD-LS,126.6909,126.6909,1.0,1.0,1.0,0.0,0.0,0,1.0,,,0,0,0.0,0.0,0.0,0.0,0
chain,Chain,10,9,10.0,0.0,1.0,15,cad,Proposed CA-D,126.6909,126.6909,1.0,1.0,1.0,0.0,0.0,0,1.0,,,0,0,0.0,0.0,0.0,0.0,0
chain,Chain,10,9,10.0,0.0,1.0,16,heft,HEFT,119.8758,119.8758,1.0,1.0,1.0,0.0,0.0,0,1.0,,,0,0,0.0,0.0,0.0,0.0,0
chain,Chain,10,9,10.0,0.0,1.0,16,cdls,CD-LS,119.8758,119.8758,1.0,1.0,1.0,0.0,0.0,0,1.0,,,0,0,0.0,0.0,0.0,0.0,0
chain,Chain,10,9,10.0,0.0,1.0,16,cad,Proposed CA-D,119.8758,119.8758,1.0,1.0,1.0,0.0,0.0,0,1.0,,,0,0,0.0,0.0,0.0,0.0,0
chain,Chain,10,9,10.0,0.0,1.0,17,heft,HEFT,114.8573,114.8573,1.0,1.0,1.0,0.0,0.0,0,1.0,,,0,0,0.0,0.0,0.0,0.0,0
chain,Chain,10,9,10.0,0.0,1.0,17,cdls,CD-LS,114.8573,114.8573,1.0,1.0,1.0,0.0,0.0,0,1.0,,,0,0,0.0,0.0,0.0,0.0,0
chain,Chain,10,9,10.0,0.0,1.0,17,cad,Proposed CA-D,114.8573,114.8573,1.0,1.0,1.0,0.0,0.0,0,1.0,,,0,0,0.0,0.0,0.0,0.0,0
chain,Chain,10,9,10.0,0.0,1.0,18,heft,HEFT,122.4938,122.4938,1.0,1.0,1.0,0.0,0.0,0,1.0,,,0,0,0.0,0.0,0.0,0.0,0
chain,Chain,10,9,10.0,0.0,1.0,18,cdls,CD-LS,122.4938,122.4938,1.0,1.0,1.0,0.0,0.0,0,1.0,,,0,0,0.0,0.0,0.0,0.0,0
chain,Chain,10,9,10.0,0.0,1.0,18,cad,Proposed CA-D,122.4938,122.4938,1.0,1.0,1.0,0.0,0.0,0,1.0,,,0,0,0.0,0.0,0.0,0.0,0
chain,Chain,10,9,10.0,0.0,1.0,19,heft,HEFT,128.8486,128.8486,1.0,1.0,1.0,0.0,0.0,0,1.0,,,0,0,0.0,0.0,0.0,0.0,0
chain,Chain,10,9,10.0,0.0,1.0,19,cdls,CD-LS,128.8486,128.8486,1.0,1.0,1.0,0.0,0.0,0,1.0,,,0,0,0.0,0.0,0.0,0.0,0
chain,Chain,10,9,10.0,0.0,1.0,19,cad,Proposed CA-D,128.8486,128.8486,1.0,1.0,1.0,0.0,0.0,0,1.0,,,0,0,0.0,0.0,0.0,0.0,0
fork,Fork,9,8,0.1,0.0,1.0,0,heft,HEFT,33.8277,38.4715,1.0,1.0,1.137279,4.6438,0.137279,0,1.0,,,0,0,22.203,8.9586,3.1719,0.645942,7
fork,Fork,9,8,0.1,0.0,1.0,0,cdls,CD-LS,33.2458,33.2458,1.017504,1.157186,1.0,0.0,0.0,7,1.777778,0.202096,0.7465,0,0,0.0,0.0,0.0,0.0,0
fork,Fork,9,8,0.1,0.0,1.0,0,cad,Proposed CA-D,33.2458,33.2458,1.017504,1.157186,1.0,0.0,0.0,7,1.777778,0.202096,0.7465,0,0,0.0,0.0,0.0,0.0,0
fork,Fork,9,8,0.1,0.0,1.0,1,heft,HEFT,33.7723,38.5555,1.0,1.0,1.14163,4.7832,0.14163,0,1.0,,,0,0,25.9227,9.1324,3.7032,0.594495,7
fork,Fork,9,8,0.1,0.0,1.0,1,cdls,CD-LS,31.9343,31.9343,1.057557,1.207339,1.0,0.0,0.0,7,1.777778,0.266578,0.9459,0,0,0.0,0.0,0.0,0.0,0
fork,Fork,9,8,0.1,0.0,1.0,1,cad,Proposed CA-D,31.9343,31.9343,1.057557,1.207339,1.0,0.0,0.0,7,1.777778,0.266578,0.9459,0,0,0.0,0.0,0.0,0.0,0
fork,Fork,9,8,0.1,0.0,1.0,2,heft,HEFT,26.2252,31.2407,1.0,1.0,1.191248,5.0155,0.191248,0,1.0,,,0,0,17.7298,6.3881,2.5328,0.603508,7
fork,Fork,9,8,0.1,0.0,1.0,2,cdls,CD-LS,26.1376,26.1376,1.003352,1.19524,1.0,0.0,0.0,7,1.777778,0.251023,0.729,0,0,0.0,0.0,0.0,0.0,0
fork,Fork,9,8,0.1,0.0,1.0,2,cad,Proposed CA-D,26.1376,26.1376,1.003352,1.19524,1.0,0.0,0.0,7,1.777778,0.251023,0.729,0,0,0.0,0.0,0.0,0.0,0
fork,Fork,9,8,0.1,0.0,1.0,3,heft,HEFT,23.3039,23.8001,1.0,1.0,1.021294,0.4962,0.021294,0,1.0,,,0,0,21.6412,7.4855,3.0916,0.586987,7
fork,Fork,9,8,0.1,0.0,1.0,3,cdls,CD-LS,23.3039,23.3039,1.0,1.021294,1.0,0.0,0.0,7,1.777778,0.027378,0.0709,0,0,0.0,0.0,0.0,0.0,0
fork,Fork,9,8,0.1,0.0,1.0,3,cad,Proposed CA-D,23.3039,23.3039,1.0,1.021294,1.0,0.0,0.0,7,1.777778,0.027378,0.0709,0,0,0.0,0.0,0.0,0.0,0
fork,Fork,9,8,0.1,0.0,1.0,4,heft,HEFT,39.3475,45.4036,1.0,1.0,1.153912,6.056,0.153912,0,1.0,,,0,0,21.9522,9.2292,3.136,0.660205,7
fork,Fork,9,8,0.1,0.0,1.0,4,cdls,CD-LS,38.7895,38.7895,1.014386,1.170512,1.0,0.0,0.0,7,1.777778,0.219229,0.9449,0,0,0.0,0.0,0.0,0.0,0
fork,Fork,9,8,0.1,0.0,1.0,4,cad,Proposed CA-D,38.7895,38.7895,1.014386,1.170512,1.0,0.0,0.0,7,1.777778,0.219229,0.9449,0,0,0.0,0.0,0.0,0.0,0
fork,Fork,9,8,0.1,0.0,1.0,5,heft,HEFT,34.1942,35.1603,1.0,1.0,1.028254,0.9661,0.028254,0,1.0,,,0,0,19.3178,7.3347,2.7597,0.623749,7
fork,Fork,9,8,0.1,0.0,1.0,5,cdls,CD-LS,34.1942,34.1942,1.0,1.028254,1.0,0.0,0.0,7,1.777778,0.036326,0.138,0,0,0.0,0.0,0.0,0.0,0
fork,Fork,9,8,0.1,0.0,1.0,5,cad,Proposed CA-D,34.1942,34.1942,1.0,1.028254,1.0,0.0,0.0,7,1.777778,0.036326,0.138,0,0,0.0,0.0,0.0,0.0,0
fork,Fork,9,8,0.1,0.0,1.0,6,heft,HEFT,32.8841,36.6386,1.0,1.0,1.114171,3.7544,0.114171,0,1.0,,,0,0,28.367,9.0747,4.0524,0.553439,7
fork,Fork,9,8,0.1,0.0,1.0,6,cdls,CD-LS,32.8841,32.8841,1.0,1.114171,1.0,0.0,0.0,7,1.777778,0.146791,0.5363,0,0,0.0,0.0,0.0,0.0,0
fork,Fork,9,8,0.1,0.0,1.0,6,cad,Proposed CA-D,32.8841,32.8841,1.0,1.114171,1.0,0.0,0.0,7,1.777778,0.146791,0.5363,0,0,0.0,0.0,0.0,0.0,0
fork,Fork,9,8,0.1,0.0,1.0,7,heft,HEFT,34.2762,41.1712,1.0,1.0,1.20116,6.895,0.20116,0,1.0,,,0,0,26.555,9.8387,3.7936,0.614424,7
fork,Fork,9,8,0.1,0.0,1.0,7,cdls,CD-LS,32.8346,32.8346,1.043904,1.253895,1.0,0.0,0.0,7,1.777778,0.326436,1.1909,0,0,0.0,0.0,0.0,0.0,0
fork,Fork,9,8,0.1,0.0,1.0,7,cad,Proposed CA-D,32.8346,32.8346,1.043904,1.253895,1.0,0.0,0.0,7,1.777778,0.326436,1.1909,0,0,0.0,0.0,0.0,0.0,0
fork,Fork,9,8,0.1,0.0,1.0,8,heft,HEFT,29.7137,30.9528,1.0,1.0,1.041702,1.2391,0.041702,0,1.0,,,0,0,23.5032,8.6702,3.3576,0.61274,7
fork,Fork,9,8,0.1,0.0,1.0,8,cdls,CD-LS,29.7137,29.7137,1.0,1.041702,1.0,0.0,0.0,7,1.777778,0.053616,0.177,0,0,0.0,0.0,0.0,0.0,0
fork,Fork,9,8,0.1,0.0,1.0,8,cad,Proposed CA-D,29.7137,29.7137,1.0,1.041702,1.0,0.0,0.0,7,1.777778,0.053616,0.177,0,0,0.0,0.0,0.0,0.0,0
fork,Fork,9,8,0.1,0.0,1.0,9,heft,HEFT,39.4277,46.5795,1.0,1.0,1.181388,7.1517,0.181388,0,1.0,,,0,0,23.3534,10.6198,3.3362,0.685852,7
fork,Fork,9,8,0.1,0.0,1.0,9,cdls,CD-LS,36.8273,36.8273,1.070612,1.264808,1.0,0.0,0.0,7,1.777778,0.340467,1.3932,0,0,0.0,0.0,0.0,0.0,0
fork,Fork,9,8,0.1,0.0,1.0,9,cad,Proposed CA-D,36.8273,36.8273,1.070612,1.264808,1.0,0.0,0.0,7,1.777778,0.340467,1.3932,0,0,0.0,0.0,0.0,0.0,0
fork,Fork,9,8,0.1,0.0,1.0,10,heft,HEFT,38.5094,42.2324,1.0,1.0,1.096678,3.723,0.096678,0,1.0,,,0,0,22.464,9.1992,3.2091,0.65115,7
fork,Fork,9,8,0.1,0.0,1.0,10,cdls,CD-LS,36.9662,36.9662,1.041744,1.142458,1.0,0.0,0.0,7,1.777778,0.18316,0.7523,0,0,0.0,0.0,0.0,0.0,0
fork,Fork,9,8,0.1,0.0,1.0,10,cad,Proposed CA-D,36.9662,36.9662,1.041744,1.142458,1.0,0.0,0.0,7,1.777778,0.18316,0.7523,0,0,0.0,0.0,0.0,0.0,0
fork,Fork,9,8,0.1,0.0,1.0,11,heft,HEFT,26.6146,27.1063,1.0,1.0,1.018476,0.4917,0.018476,0,1.0,,,0,0,18.4684,6.6534,2.6383,0.603458,7
fork,Fork,9,8,0.1,0.0,1.0,11,cdls,CD-LS,26.1535,26.1535,1.01763,1.036432,1.0,0.0,0.0,7,1.777778,0.046841,0.1361,0,0,0.0,0.0,0.0,0.0,0
fork,Fork,9,8,0.1,0.0,1.0,11,cad,Proposed CA-D,26.1535,26.1535,1.01763,1.036432,1.0,0.0,0.0,7,1.777778,0.046841,0.1361,0,0,0.0,0.0,0.0,0.0,0
fork,Fork,9,8,0.1,0.0,1.0,12,heft,HEFT,28.6922,32.345,1.0,1.0,1.127309,3.6528,0.127309,0,1.0,,,0,0,18.2116,6.8112,2.6017,0.618035,7
fork,Fork,9,8,0.1,0.0,1.0,12,cdls,CD-LS,27.9637,27.9637,1.026054,1.156681,1.0,0.0,0.0,7,1.777778,0.201446,0.6259,0,0,0.0,0.0,0.0,0.0,0
fork,Fork,9,8,0.1,0.0,1.0,12,cad,Proposed CA-D,27.9637,27.9637,1.026054,1.156681,1.0,0.0,0.0,7,1.777778,0.201446,0.6259,0,0,0.0,0.0,0.0,0.0,0
fork,Fork,9,8,0.1,0.0,1.0,13,heft,HEFT,38.4196,44.7847,1.0,1.0,1.165674,6.3651,0.165674,0,1.0,,,0,0,22.5785,8.9832,3.2255,0.640942,7
fork,Fork,9,8,0.1,0.0,1.0,13,cdls,CD-LS,37.169,37.169,1.033647,1.204896,1.0,0.0,0.0,7,1.777778,0.263438,1.088,0,0,0.0,0.0,0.0,0.0,0
fork,Fork,9,8,0.1,0.0,1.0,13,cad,Proposed CA-D,37.169,37.169,1.033647,1.204896,1.0,0.0,0.0,7,1.777778,0.263438,1.088,0,0,0.0,0.0,0.0,0.0,0
fork,Fork,9,8,0.1,0.0,1.0,14,heft,HEFT,35.3935,43.7441,1.0,1.0,1.235934,8.3505,0.235934,0,1.0,,,0,0,29.3084,10.7382,4.1869,0.610092,7
fork,Fork,9,8,0.1,0.0,1.0,14,cdls,CD-LS,35.3665,35.3665,1.000763,1.236877,1.0,0.0,0.0,7,1.777778,0.304557,1.1968,0,0,0.0,0.0,0.0,0.0,0
fork,Fork,9,8,0.1,0.0,1.0,14,cad,Proposed CA-D,35.3665,35.3665,1.000763,1.236877,1.0,0.0,0.0,7,1.777778,0.304557,1.1968,0,0,0.0,0.0,0.0,0.0,0
fork,Fork,9,8,0.1,0.0,1.0,15,heft,HEFT,32.6284,32.6284,1.0,1.0,1.0,0.0,0.0,0,1.0,,,0,0,21.6822,7.1493,3.0975,0.566747,7
fork,Fork,9,8,0.1,0.0,1.0,15,cdls,CD-LS,32.6284,32.6284,1.0,1.0,1.0,0.0,0.0,7,1.777778,0.0,0.0,0,0,0.0,0.0,0.0,0.0,0
fork,Fork,9,8,0.1,0.0,1.0,15,cad,Proposed CA-D,32.6284,32.6284,1.0,1.0,1.0,0.0,0.0,7,1.777778,0.0,0.0,0,0,0.0,0.0,0.0,0.0,0
fork,Fork,9,8,0.1,0.0,1.0,16,heft,HEFT,33.1853,38.3957,1.0,1.0,1.157007,5.2103,0.157007,0,1.0,,,0,0,19.2896,7.0812,2.7557,0.610846,7
fork,Fork,9,8,0.1,0.0,1.0,16,cdls,CD-LS,31.6232,31.6232,1.049397,1.21416,1.0,0.0,0.0,7,1.777778,0.275348,0.9675,0,0,0.0,0.0,0.0,0.0,0
fork,Fork,9,8,0.1,0.0,1.0,16,cad,Proposed CA-D,31.6232,31.6232,1.049397,1.21416,1.0,0.0,0.0,7,1.777778,0.275348,0.9675,0,0,0.0,0.0,0.0,0.0,0
fork,Fork,9,8,0.1,0.0,1.0,17,heft,HEFT,33.7219,35.4834,1.0,1.0,1.052235,1.7615,0.052235,0,1.0,,,0,0,18.7935,6.3848,2.6848,0.579503,7
fork,Fork,9,8,0.1,0.0,1.0,17,cdls,CD-LS,33.7219,33.7219,1.0,1.052235,1.0,0.0,0.0,7,1.777778,0.06716,0.2516,0,0,0.0,0.0,0.0,0.0,0
fork,Fork,9,8,0.1,0.0,1.0,17,cad,Proposed CA-D,33.7219,33.7219,1.0,1.052235,1.0,0.0,0.0,7,1.777778,0.06716,0.2516,0,0,0.0,0.0,0.0,0.0,0
fork,Fork,9,8,0.1,0.0,1.0,18,heft,HEFT,30.5362,33.0286,1.0,1.0,1.081623,2.4925,0.081623,0,1.0,,,0,0,21.0249,7.3742,3.0036,0.592695,7
fork,Fork,9,8,0.1,0.0,1.0,18,cdls,CD-LS,30.5362,30.5362,1.0,1.081623,1.0,0.0,0.0,7,1.777778,0.104944,0.3561,0,0,0.0,0.0,0.0,0.0,0
fork,Fork,9,8,0.1,0.0,1.0,18,cad,Proposed CA-D,30.5362,30.5362,1.0,1.081623,1.0,0.0,0.0,7,1.777778,0.104944,0.3561,0,0,0.0,0.0,0.0,0.0,0
fork,Fork,9,8,0.1,0.0,1.0,19,heft,HEFT,30.1937,34.2071,1.0,1.0,1.132921,4.0134,0.132921,0,1.0,,,0,0,20.9897,8.1069,2.9985,0.630125,7
fork,Fork,9,8,0.1,0.0,1.0,19,cdls,CD-LS,30.1937,30.1937,1.0,1.132921,1.0,0.0,0.0,7,1.777778,0.170898,0.5733,0,0,0.0,0.0,0.0,0.0,0
fork,Fork,9,8,0.1,0.0,1.0,19,cad,Proposed CA-D,30.1937,30.1937,1.0,1.132921,1.0,0.0,0.0,7,1.777778,0.170898,0.5733,0,0,0.0,0.0,0.0,0.0,0
fork,Fork,9,8,1.0,0.0,1.0,0,heft,HEFT,50.4448,93.4585,1.0,1.0,1.852687,43.0137,0.852687,0,1.0,,,0,0,151.8855,69.8572,37.9714,0.456443,4
fork,Fork,9,8,1.0,0.0,1.0,0,cdls,CD-LS,33.2458,33.2458,1.517331,2.811139,1.0,0.0,0.0,7,1.777778,2.328608,8.6018,0,0,0.0,0.0,0.0,0.0,0
fork,Fork,9,8,1.0,0.0,1.0,0,cad,Proposed CA-D,33.2458,33.2458,1.517331,2.811139,1.0,0.0,0.0,7,1.777778,2.328608,8.6018,0,0,0.0,0.0,0.0,0.0,0
fork,Fork,9,8,1.0,0.0,1.0,1,heft,HEFT,50.5597,94.9431,1.0,1.0,1.877844,44.3835,0.877844,0,1.0,,,0,0,179.6581,75.1034,35.9316,0.521571,5
fork,Fork,9,8,1.0,0.0,1.0,1,cdls,CD-LS,31.9343,31.9343,1.583241,2.973079,1.0,0.0,0.0,7,1.777778,2.536816,9.0013,0,0,0.0,0.0,0.0,0.0,0
fork,Fork,9,8,1.0,0.0,1.0,1,cad,Proposed CA-D,31.9343,31.9343,1.583241,2.973079,1.0,0.0,0.0,7,1.777778,2.536816,9.0013,0,0,0.0,0.0,0.0,0.0,0
fork,Fork,9,8,1.0,0.0,1.0,2,heft,HEFT,38.5785,79.3433,1.0,1.0,2.056673,40.7648,1.056673,0,1.0,,,0,0,113.5694,54.4907,22.7139,0.58316,5
fork,Fork,9,8,1.0,0.0,1.0,2,cdls,CD-LS,26.1376,26.1376,1.475978,3.035603,1.0,0.0,0.0,7,1.777778,2.617204,7.6008,0,0,0.0,0.0,0.0,0.0,0
fork,Fork,9,8,1.0,0.0,1.0,2,cad,Proposed CA-D,26.1376,26.1376,1.475978,3.035603,1.0,0.0,0.0,7,1.777778,2.617204,7.6008,0,0,0.0,0.0,0.0,0.0,0
fork,Fork,9,8,1.0,0.0,1.0,3,heft,HEFT,35.4896,57.0845,1.0,1.0,1.608484,21.5949,0.608484,0,1.0,,,0,0,121.7592,39.3028,30.4398,0.225507,4
fork,Fork,9,8,1.0,0.0,1.0,3,cdls,CD-LS,23.3039,23.3039,1.522908,2.449573,1.0,0.0,0.0,7,1.777778,1.863736,4.8258,0,0,0.0,0.0,0.0,0.0,0
fork,Fork,9,8,1.0,0.0,1.0,3,cad,Proposed CA-D,23.3039,23.3039,1.522908,2.449573,1.0,0.0,0.0,7,1.777778,1.863736,4.8258,0,0,0.0,0.0,0.0,0.0,0
fork,Fork,9,8,1.0,0.0,1.0,4,heft,HEFT,57.7455,102.3695,1.0,1.0,1.77277,44.624,0.77277,0,1.0,,,0,0,131.977,66.1952,26.3954,0.601249,5
fork,Fork,9,8,1.0,0.0,1.0,4,cdls,CD-LS,38.7895,38.7895,1.488689,2.639105,1.0,0.0,0.0,7,1.777778,2.10742,9.0829,0,0,0.0,0.0,0.0,0.0,0
fork,Fork,9,8,1.0,0.0,1.0,4,cad,Proposed CA-D,38.7895,38.7895,1.488689,2.639105,1.0,0.0,0.0,7,1.777778,2.10742,9.0829,0,0,0.0,0.0,0.0,0.0,0
fork,Fork,9,8,1.0,0.0,1.0,5,heft,HEFT,44.1965,84.3801,1.0,1.0,1.909205,40.1837,0.909205,0,1.0,,,0,0,148.2061,56.5545,37.0515,0.344853,4
fork,Fork,9,8,1.0,0.0,1.0,5,cdls,CD-LS,34.1942,34.1942,1.292515,2.467677,1.0,0.0,0.0,7,1.777778,1.887013,7.1694,0,0,0.0,0.0,0.0,0.0,0
fork,Fork,9,8,1.0,0.0,1.0,5,cad,Proposed CA-D,34.1942,34.1942,1.292515,2.467677,1.0,0.0,0.0,7,1.777778,1.887013,7.1694,0,0,0.0,0.0,0.0,0.0,0
fork,Fork,9,8,1.0,0.0,1.0,6,heft,HEFT,55.9809,118.9159,1.0,1.0,2.124223,62.935,1.124223,0,1.0,,,0,0,179.61,91.3521,59.87,0.344623,3
fork,Fork,9,8,1.0,0.0,1.0,6,cdls,CD-LS,32.8841,32.8841,1.702367,3.616207,1.0,0.0,0.0,7,1.777778,3.363695,12.2902,0,0,0.0,0.0,0.0,0.0,0
fork,Fork,9,8,1.0,0.0,1.0,6,cad,Proposed CA-D,32.8841,32.8841,1.702367,3.616207,1.0,0.0,0.0,7,1.777778,3.363695,12.2902,0,0,0.0,0.0,0.0,0.0,0
fork,Fork,9,8,1.0,0.0,1.0,7,heft,HEFT,49.7907,101.9259,1.0,1.0,2.047088,52.1352,1.047088,0,1.0,,,0,0,162.7964,70.231,27.1327,0.613665,6
fork,Fork,9,8,1.0,0.0,1.0,7,cdls,CD-LS,32.8346,32.8346,1.516407,3.104218,1.0,0.0,0.0,7,1.777778,2.705424,9.8702,0,0,0.0,0.0,0.0,0.0,0
fork,Fork,9,8,1.0,0.0,1.0,7,cad,Proposed CA-D,32.8346,32.8346,1.516407,3.104218,1.0,0.0,0.0,7,1.777778,2.705424,9.8702,0,0,0.0,0.0,0.0,0.0,0
fork,Fork,9,8,1.0,0.0,1.0,8,heft,HEFT,41.282,78.235,1.0,1.0,1.895138,36.9531,0.895138,0,1.0,,,0,0,130.7678,51.5022,21.7946,0.576821,6
fork,Fork,9,8,1.0,0.0,1.0,8,cdls,CD-LS,29.7137,29.7137,1.389323,2.632958,1.0,0.0,0.0,7,1.777778,2.099518,6.9316,0,0,0.0,0.0,0.0,0.0,0
fork,Fork,9,8,1.0,0.0,1.0,8,cad,Proposed CA-D,29.7137,29.7137,1.389323,2.632958,1.0,0.0,0.0,7,1.777778,2.099518,6.9316,0,0,0.0,0.0,0.0,0.0,0
fork,Fork,9,8,1.0,0.0,1.0,9,heft,HEFT,66.6782,103.6099,1.0,1.0,1.55388,36.9317,0.55388,0,1.0,,,0,0,131.7564,67.6502,26.3513,0.610478,5
fork,Fork,9,8,1.0,0.0,1.0,9,cdls,CD-LS,36.8273,36.8273,1.810563,2.813398,1.0,0.0,0.0,7,1.777778,2.331512,9.5404,0,0,0.0,0.0,0.0,0.0,0
fork,Fork,9,8,1.0,0.0,1.0,9,cad,Proposed CA-D,36.8273,36.8273,1.810563,2.813398,1.0,0.0,0.0,7,1.777778,2.331512,9.5404,0,0,0.0,0.0,0.0,0.0,0
fork,Fork,9,8,1.0,0.0,1.0,10,heft,HEFT,54.1934,95.4718,1.0,1.0,1.761688,41.2784,0.761688,0,1.0,,,0,0,128.2683,60.7962,32.0671,0.472548,4
fork,Fork,9,8,1.0,0.0,1.0,10,cdls,CD-LS,36.9662,36.9662,1.466023,2.582675,1.0,0.0,0.0,7,1.777778,2.034868,8.3579,0,0,0.0,0.0,0.0,0.0,0
fork,Fork,9,8,1.0,0.0,1.0,10,cad,Proposed CA-D,36.9662,36.9662,1.466023,2.582675,1.0,0.0,0.0,7,1.777778,2.034868,8.3579,0,0,0.0,0.0,0.0,0.0,0
fork,Fork,9,8,1.0,0.0,1.0,11,heft,HEFT,33.8882,80.4091,1.0,1.0,2.372778,46.5209,1.372778,0,1.0,,,0,0,160.106,66.5339,32.0212,0.518724,5
fork,Fork,9,8,1.0,0.0,1.0,11,cdls,CD-LS,26.1535,26.1535,1.295742,3.074508,1.0,0.0,0.0,7,1.777778,2.667225,7.7508,0,0,0.0,0.0,0.0,0.0,0
fork,Fork,9,8,1.0,0.0,1.0,11,cad,Proposed CA-D,26.1535,26.1535,1.295742,3.074508,1.0,0.0,0.0,7,1.777778,2.667225,7.7508,0,0,0.0,0.0,0.0,0.0,0
fork,Fork,9,8,1.0,0.0,1.0,12,heft,HEFT,42.0593,84.5641,1.0,1.0,2.010593,42.5048,1.010593,0,1.0,,,0,0,150.2348,68.1124,30.047,0.558862,5
fork,Fork,9,8,1.0,0.0,1.0,12,cdls,CD-LS,27.9637,27.9637,1.504069,3.024071,1.0,0.0,0.0,7,1.777778,2.602377,8.0858,0,0,0.0,0.0,0.0,0.0,0
fork,Fork,9,8,1.0,0.0,1.0,12,cad,Proposed CA-D,27.9637,27.9637,1.504069,3.024071,1.0,0.0,0.0,7,1.777778,2.602377,8.0858,0,0,0.0,0.0,0.0,0.0,0
fork,Fork,9,8,1.0,0.0,1.0,13,heft,HEFT,54.9985,95.9268,1.0,1.0,1.744172,40.9283,0.744172,0,1.0,,,0,0,164.5499,63.748,41.1375,0.354686,4
fork,Fork,9,8,1.0,0.0,1.0,13,cdls,CD-LS,37.169,37.169,1.479689,2.580832,1.0,0.0,0.0,7,1.777778,2.032498,8.394,0,0,0.0,0.0,0.0,0.0,0
fork,Fork,9,8,1.0,0.0,1.0,13,cad,Proposed CA-D,37.169,37.169,1.479689,2.580832,1.0,0.0,0.0,7,1.777778,2.032498,8.394,0,0,0.0,0.0,0.0,0.0,0
fork,Fork,9,8,1.0,0.0,1.0,14,heft,HEFT,54.2812,103.6432,1.0,1.0,1.909376,49.362,0.909376,0,1.0,,,0,0,183.081,71.5587,36.6162,0.488306,5
fork,Fork,9,8,1.0,0.0,1.0,14,cdls,CD-LS,35.3665,35.3665,1.534818,2.930546,1.0,0.0,0.0,7,1.777778,2.48213,9.7538,0,0,0.0,0.0,0.0,0.0,0
fork,Fork,9,8,1.0,0.0,1.0,14,cad,Proposed CA-D,35.3665,35.3665,1.534818,2.930546,1.0,0.0,0.0,7,1.777778,2.48213,9.7538,0,0,0.0,0.0,0.0,0.0,0
fork,Fork,9,8,1.0,0.0,1.0,15,heft,HEFT,42.6119,74.6231,1.0,1.0,1.751227,32.0112,0.751227,0,1.0,,,0,0,146.7538,53.5594,24.459,0.54333,6
fork,Fork,9,8,1.0,0.0,1.0,15,cdls,CD-LS,32.6284,32.6284,1.305975,2.28706,1.0,0.0,0.0,7,1.777778,1.654791,5.9992,0,0,0.0,0.0,0.0,0.0,0
fork,Fork,9,8,1.0,0.0,1.0,15,cad,Proposed CA-D,32.6284,32.6284,1.305975,2.28706,1.0,0.0,0.0,7,1.777778,1.654791,5.9992,0,0,0.0,0.0,0.0,0.0,0
fork,Fork,9,8,1.0,0.0,1.0,16,heft,HEFT,49.434,77.6201,1.0,1.0,1.570177,28.1861,0.570177,0,1.0,,,0,0,127.7554,52.6552,25.5511,0.514747,5
fork,Fork,9,8,1.0,0.0,1.0,16,cdls,CD-LS,31.6232,31.6232,1.563217,2.454527,1.0,0.0,0.0,7,1.777778,1.870107,6.571,0,0,0.0,0.0,0.0,0.0,0
fork,Fork,9,8,1.0,0.0,1.0,16,cad,Proposed CA-D,31.6232,31.6232,1.563217,2.454527,1.0,0.0,0.0,7,1.777778,1.870107,6.571,0,0,0.0,0.0,0.0,0.0,0
fork,Fork,9,8,1.0,0.0,1.0,17,heft,HEFT,55.9317,64.6453,1.0,1.0,1.155789,8.7135,0.155789,0,1.0,,,0,0,59.0175,36.448,14.7544,0.595194,4
fork,Fork,9,8,1.0,0.0,1.0,17,cdls,CD-LS,33.7219,33.7219,1.658617,1.917011,1.0,0.0,0.0,7,1.777778,1.179014,4.4176,0,0,0.0,0.0,0.0,0.0,0
fork,Fork,9,8,1.0,0.0,1.0,17,cad,Proposed CA-D,33.7219,33.7219,1.658617,1.917011,1.0,0.0,0.0,7,1.777778,1.179014,4.4176,0,0,0.0,0.0,0.0,0.0,0
fork,Fork,9,8,1.0,0.0,1.0,18,heft,HEFT,45.2112,79.3526,1.0,1.0,1.755152,34.1414,0.755152,0,1.0,,,0,0,110.6141,54.9041,27.6535,0.496331,4
fork,Fork,9,8,1.0,0.0,1.0,18,cdls,CD-LS,30.5362,30.5362,1.48058,2.598644,1.0,0.0,0.0,7,1.777778,2.055399,6.9738,0,0,0.0,0.0,0.0,0.0,0
fork,Fork,9,8,1.0,0.0,1.0,18,cad,Proposed CA-D,30.5362,30.5362,1.48058,2.598644,1.0,0.0,0.0,7,1.777778,2.055399,6.9738,0,0,0.0,0.0,0.0,0.0,0
fork,Fork,9,8,1.0,0.0,1.0,19,heft,HEFT,43.2573,89.8895,1.0,1.0,2.078021,46.6322,1.078021,0,1.0,,,0,0,142.181,61.8693,23.6968,0.616986,6
fork,Fork,9,8,1.0,0.0,1.0,19,cdls,CD-LS,30.1937,30.1937,1.432657,2.977093,1.0,0.0,0.0,7,1.777778,2.541976,8.528,0,0,0.0,0.0,0.0,0.0,0
fork,Fork,9,8,1.0,0.0,1.0,19,cad,Proposed CA-D,30.1937,30.1937,1.432657,2.977093,1.0,0.0,0.0,7,1.777778,2.541976,8.528,0,0,0.0,0.0,0.0,0.0,0
fork,Fork,9,8,5.0,0.0,1.0,0,heft,HEFT,92.3601,92.3601,1.0,1.0,1.0,0.0,0.0,0,1.0,,,0,0,42.8988,42.8988,42.8988,0.0,1
fork,Fork,9,8,5.0,0.0,1.0,0,cdls,CD-LS,33.2458,33.2458,2.778103,2.778103,1.0,0.0,0.0,7,1.777778,2.286132,8.4449,0,0,0.0,0.0,0.0,0.0,0
fork,Fork,9,8,5.0,0.0,1.0,0,cad,Proposed CA-D,33.2458,33.2458,2.778103,2.778103,1.0,0.0,0.0,7,1.777778,2.286132,8.4449,0,0,0.0,0.0,0.0,0.0,0
fork,Fork,9,8,5.0,0.0,1.0,1,heft,HEFT,98.2298,120.8955,1.0,1.0,1.230741,22.6656,0.230741,0,1.0,,,0,0,98.5407,98.5407,98.5407,0.0,1
fork,Fork,9,8,5.0,0.0,1.0,1,cdls,CD-LS,31.9343,31.9343,3.076,3.785759,1.0,0.0,0.0,7,1.777778,3.58169,12.7087,0,0,0.0,0.0,0.0,0.0,0
fork,Fork,9,8,5.0,0.0,1.0,1,cad,Proposed CA-D,31.9343,31.9343,3.076,3.785759,1.0,0.0,0.0,7,1.777778,3.58169,12.7087,0,0,0.0,0.0,0.0,0.0,0
fork,Fork,9,8,5.0,0.0,1.0,2,heft,HEFT,80.205,150.1236,1.0,1.0,1.871749,69.9186,0.871749,0,1.0,,,0,0,135.3722,135.3722,135.3722,0.0,1
fork,Fork,9,8,5.0,0.0,1.0,2,cdls,CD-LS,26.1376,26.1376,3.068571,5.743595,1.0,0.0,0.0,7,1.777778,6.098908,17.7123,0,0,0.0,0.0,0.0,0.0,0
fork,Fork,9,8,5.0,0.0,1.0,2,cad,Proposed CA-D,26.1376,26.1376,3.068571,5.743595,1.0,0.0,0.0,7,1.777778,6.098908,17.7123,0,0,0.0,0.0,0.0,0.0,0
fork,Fork,9,8,5.0,0.0,1.0,3,heft,HEFT,84.1337,90.1086,1.0,1.0,1.071017,5.9749,0.071017,0,1.0,,,0,0,77.4119,77.4119,77.4119,0.0,1
fork,Fork,9,8,5.0,0.0,1.0,3,cdls,CD-LS,23.3039,23.3039,3.610291,3.866683,1.0,0.0,0.0,7,1.777778,3.685735,9.5435,0,0,0.0,0.0,0.0,0.0,0
fork,Fork,9,8,5.0,0.0,1.0,3,cad,Proposed CA-D,23.3039,23.3039,3.610291,3.866683,1.0,0.0,0.0,7,1.777778,3.685735,9.5435,0,0,0.0,0.0,0.0,0.0,0
fork,Fork,9,8,5.0,0.0,1.0,4,heft,HEFT,97.2098,183.9724,1.0,1.0,1.89253,86.7627,0.89253,0,1.0,,,0,0,263.8935,158.614,131.9467,0.168127,2
fork,Fork,9,8,5.0,0.0,1.0,4,cdls,CD-LS,38.7895,38.7895,2.506084,4.742841,1.0,0.0,0.0,7,1.777778,4.812224,20.7404,0,0,0.0,0.0,0.0,0.0,0
fork,Fork,9,8,5.0,0.0,1.0,4,cad,Proposed CA-D,38.7895,38.7895,2.506084,4.742841,1.0,0.0,0.0,7,1.777778,4.812224,20.7404,0,0,0.0,0.0,0.0,0.0,0
fork,Fork,9,8,5.0,0.0,1.0,5,heft,HEFT,74.4808,128.1114,1.0,1.0,1.720059,53.6306,0.720059,0,1.0,,,0,0,143.2031,105.2274,71.6016,0.319554,2
fork,Fork,9,8,5.0,0.0,1.0,5,cdls,CD-LS,34.1942,34.1942,2.178173,3.746586,1.0,0.0,0.0,7,1.777778,3.531325,13.4167,0,0,0.0,0.0,0.0,0.0,0
fork,Fork,9,8,5.0,0.0,1.0,5,cad,Proposed CA-D,34.1942,34.1942,2.178173,3.746586,1.0,0.0,0.0,7,1.777778,3.531325,13.4167,0,0,0.0,0.0,0.0,0.0,0
fork,Fork,9,8,5.0,0.0,1.0,6,heft,HEFT,98.256,98.256,1.0,1.0,1.0,0.0,0.0,0,1.0,,,0,0,82.2632,51.7462,41.1316,0.205128,2
fork,Fork,9,8,5.0,0.0,1.0,6,cdls,CD-LS,32.8841,32.8841,2.987945,2.987945,1.0,0.0,0.0,7,1.777778,2.55593,9.3388,0,0,0.0,0.0,0.0,0.0,0
fork,Fork,9,8,5.0,0.0,1.0,6,cad,Proposed CA-D,32.8841,32.8841,2.987945,2.987945,1.0,0.0,0.0,7,1.777778,2.55593,9.3388,0,0,0.0,0.0,0.0,0.0,0
fork,Fork,9,8,5.0,0.0,1.0,7,heft,HEFT,90.2914,186.5842,1.0,1.0,2.066468,96.2928,1.066468,0,1.0,,,0,0,307.8721,155.5725,102.624,0.340346,3
fork,Fork,9,8,5.0,0.0,1.0,7,cdls,CD-LS,32.8346,32.8346,2.749882,5.682542,1.0,0.0,0.0,7,1.777778,6.020411,21.9642,0,0,0.0,0.0,0.0,0.0,0
fork,Fork,9,8,5.0,0.0,1.0,7,cad,Proposed CA-D,32.8346,32.8346,2.749882,5.682542,1.0,0.0,0.0,7,1.777778,6.020411,21.9642,0,0,0.0,0.0,0.0,0.0,0
fork,Fork,9,8,5.0,0.0,1.0,8,heft,HEFT,86.7499,172.7432,1.0,1.0,1.991279,85.9933,0.991279,0,1.0,,,0,0,321.9323,156.2343,107.3108,0.313142,3
fork,Fork,9,8,5.0,0.0,1.0,8,cdls,CD-LS,29.7137,29.7137,2.919521,5.813581,1.0,0.0,0.0,7,1.777778,6.18889,20.4328,0,0,0.0,0.0,0.0,0.0,0
fork,Fork,9,8,5.0,0.0,1.0,8,cad,Proposed CA-D,29.7137,29.7137,2.919521,5.813581,1.0,0.0,0.0,7,1.777778,6.18889,20.4328,0,0,0.0,0.0,0.0,0.0,0
fork,Fork,9,8,5.0,0.0,1.0,9,heft,HEFT,96.8134,124.4593,1.0,1.0,1.285559,27.6459,0.285559,0,1.0,,,0,0,117.3899,101.0068,58.695,0.418901,2
fork,Fork,9,8,5.0,0.0,1.0,9,cdls,CD-LS,36.8273,36.8273,2.628848,3.37954,1.0,0.0,0.0,7,1.777778,3.059408,12.5189,0,0,0.0,0.0,0.0,0.0,0
fork,Fork,9,8,5.0,0.0,1.0,9,cad,Proposed CA-D,36.8273,36.8273,2.628848,3.37954,1.0,0.0,0.0,7,1.777778,3.059408,12.5189,0,0,0.0,0.0,0.0,0.0,0
fork,Fork,9,8,5.0,0.0,1.0,10,heft,HEFT,97.5746,97.5746,1.0,1.0,1.0,0.0,0.0,0,1.0,,,0,0,65.6384,65.6384,65.6384,0.0,1
fork,Fork,9,8,5.0,0.0,1.0,10,cdls,CD-LS,36.9662,36.9662,2.639558,2.639558,1.0,0.0,0.0,7,1.777778,2.108004,8.6583,0,0,0.0,0.0,0.0,0.0,0
fork,Fork,9,8,5.0,0.0,1.0,10,cad,Proposed CA-D,36.9662,36.9662,2.639558,2.639558,1.0,0.0,0.0,7,1.777778,2.108004,8.6583,0,0,0.0,0.0,0.0,0.0,0
fork,Fork,9,8,5.0,0.0,1.0,11,heft,HEFT,85.7538,98.3906,1.0,1.0,1.147361,12.6368,0.147361,0,1.0,,,0,0,86.0317,86.0317,86.0317,0.0,1
fork,Fork,9,8,5.0,0.0,1.0,11,cdls,CD-LS,26.1535,26.1535,3.278867,3.762046,1.0,0.0,0.0,7,1.777778,3.551202,10.3196,0,0,0.0,0.0,0.0,0.0,0
fork,Fork,9,8,5.0,0.0,1.0,11,cad,Proposed CA-D,26.1535,26.1535,3.278867,3.762046,1.0,0.0,0.0,7,1.777778,3.551202,10.3196,0,0,0.0,0.0,0.0,0.0,0
fork,Fork,9,8,5.0,0.0,1.0,12,heft,HEFT,75.8805,107.085,1.0,1.0,1.411232,31.2045,0.411232,0,1.0,,,0,0,89.8645,89.8645,89.8645,0.0,1
fork,Fork,9,8,5.0,0.0,1.0,12,cdls,CD-LS,27.9637,27.9637,2.713541,3.829435,1.0,0.0,0.0,7,1.777778,3.637845,11.3031,0,0,0.0,0.0,0.0,0.0,0
fork,Fork,9,8,5.0,0.0,1.0,12,cad,Proposed CA-D,27.9637,27.9637,2.713541,3.829435,1.0,0.0,0.0,7,1.777778,3.637845,11.3031,0,0,0.0,0.0,0.0,0.0,0
fork,Fork,9,8,5.0,0.0,1.0,13,heft,HEFT,96.7832,155.6905,1.0,1.0,1.608653,58.9073,0.608653,0,1.0,,,0,0,194.7733,132.6791,97.3867,0.265998,2
fork,Fork,9,8,5.0,0.0,1.0,13,cdls,CD-LS,37.169,37.169,2.603871,4.188725,1.0,0.0,0.0,7,1.777778,4.099789,16.9317,0,0,0.0,0.0,0.0,0.0,0
fork,Fork,9,8,5.0,0.0,1.0,13,cad,Proposed CA-D,37.169,37.169,2.603871,4.188725,1.0,0.0,0.0,7,1.777778,4.099789,16.9317,0,0,0.0,0.0,0.0,0.0,0
fork,Fork,9,8,5.0,0.0,1.0,14,heft,HEFT,121.3464,121.3464,1.0,1.0,1.0,0.0,0.0,0,1.0,,,0,0,47.3163,47.3163,47.3163,0.0,1
fork,Fork,9,8,5.0,0.0,1.0,14,cdls,CD-LS,35.3665,35.3665,3.43111,3.43111,1.0,0.0,0.0,7,1.777778,3.125712,12.2828,0,0,0.0,0.0,0.0,0.0,0
fork,Fork,9,8,5.0,0.0,1.0,14,cad,Proposed CA-D,35.3665,35.3665,3.43111,3.43111,1.0,0.0,0.0,7,1.777778,3.125712,12.2828,0,0,0.0,0.0,0.0,0.0,0
fork,Fork,9,8,5.0,0.0,1.0,15,heft,HEFT,91.2702,91.2702,1.0,1.0,1.0,0.0,0.0,0,1.0,,,0,0,11.025,11.025,11.025,0.0,1
fork,Fork,9,8,5.0,0.0,1.0,15,cdls,CD-LS,32.6284,32.6284,2.797262,2.797262,1.0,0.0,0.0,7,1.777778,2.310766,8.3774,0,0,0.0,0.0,0.0,0.0,0
fork,Fork,9,8,5.0,0.0,1.0,15,cad,Proposed CA-D,32.6284,32.6284,2.797262,2.797262,1.0,0.0,0.0,7,1.777778,2.310766,8.3774,0,0,0.0,0.0,0.0,0.0,0
fork,Fork,9,8,5.0,0.0,1.0,16,heft,HEFT,82.1057,82.1057,1.0,1.0,1.0,0.0,0.0,0,1.0,,,0,0,73.2154,47.9627,36.6077,0.236746,2
fork,Fork,9,8,5.0,0.0,1.0,16,cdls,CD-LS,31.6232,31.6232,2.596373,2.596373,1.0,0.0,0.0,7,1.777778,2.05248,7.2118,0,0,0.0,0.0,0.0,0.0,0
fork,Fork,9,8,5.0,0.0,1.0,16,cad,Proposed CA-D,31.6232,31.6232,2.596373,2.596373,1.0,0.0,0.0,7,1.777778,2.05248,7.2118,0,0,0.0,0.0,0.0,0.0,0
fork,Fork,9,8,5.0,0.0,1.0,17,heft,HEFT,93.9893,93.9893,1.0,1.0,1.0,0.0,0.0,0,1.0,,,0,0,41.1372,41.1372,41.1372,0.0,1
fork,Fork,9,8,5.0,0.0,1.0,17,cdls,CD-LS,33.7219,33.7219,2.787186,2.787186,1.0,0.0,0.0,7,1.777778,2.297811,8.6096,0,0,0.0,0.0,0.0,0.0,0
fork,Fork,9,8,5.0,0.0,1.0,17,cad,Proposed CA-D,33.7219,33.7219,2.787186,2.787186,1.0,0.0,0.0,7,1.777778,2.297811,8.6096,0,0,0.0,0.0,0.0,0.0,0
fork,Fork,9,8,5.0,0.0,1.0,18,heft,HEFT,92.7924,92.7924,1.0,1.0,1.0,0.0,0.0,0,1.0,,,0,0,58.2793,58.2793,58.2793,0.0,1
fork,Fork,9,8,5.0,0.0,1.0,18,cdls,CD-LS,30.5362,30.5362,3.038771,3.038771,1.0,0.0,0.0,7,1.777778,2.621277,8.8937,0,0,0.0,0.0,0.0,0.0,0
fork,Fork,9,8,5.0,0.0,1.0,18,cad,Proposed CA-D,30.5362,30.5362,3.038771,3.038771,1.0,0.0,0.0,7,1.777778,2.621277,8.8937,0,0,0.0,0.0,0.0,0.0,0
fork,Fork,9,8,5.0,0.0,1.0,19,heft,HEFT,84.8695,166.165,1.0,1.0,1.957887,81.2955,0.957887,0,1.0,,,0,0,298.2459,148.9586,99.4153,0.332598,3
fork,Fork,9,8,5.0,0.0,1.0,19,cdls,CD-LS,30.1937,30.1937,2.810834,5.503296,1.0,0.0,0.0,7,1.777778,5.789952,19.4245,0,0,0.0,0.0,0.0,0.0,0
fork,Fork,9,8,5.0,0.0,1.0,19,cad,Proposed CA-D,30.1937,30.1937,2.810834,5.503296,1.0,0.0,0.0,7,1.777778,5.789952,19.4245,0,0,0.0,0.0,0.0,0.0,0
fork,Fork,9,8,10.0,0.0,1.0,0,heft,HEFT,108.3026,108.3026,1.0,1.0,1.0,0.0,0.0,0,1.0,,,0,0,24.3825,24.3825,24.3825,0.0,1
fork,Fork,9,8,10.0,0.0,1.0,0,cdls,CD-LS,33.2458,33.2458,3.257636,3.257636,1.0,0.0,0.0,7,1.777778,2.902675,10.7224,0,0,0.0,0.0,0.0,0.0,0
fork,Fork,9,8,10.0,0.0,1.0,0,cad,Proposed CA-D,33.2458,33.2458,3.257636,3.257636,1.0,0.0,0.0,7,1.777778,2.902675,10.7224,0,0,0.0,0.0,0.0,0.0,0
fork,Fork,9,8,10.0,0.0,1.0,1,heft,HEFT,121.1512,121.1512,1.0,1.0,1.0,0.0,0.0,0,1.0,,,0,0,0.0,0.0,0.0,0.0,0
fork,Fork,9,8,10.0,0.0,1.0,1,cdls,CD-LS,31.9343,31.9343,3.793767,3.793767,1.0,0.0,0.0,7,1.777778,3.591986,12.7453,0,0,0.0,0.0,0.0,0.0,0
fork,Fork,9,8,10.0,0.0,1.0,1,cad,Proposed CA-D,31.9343,31.9343,3.793767,3.793767,1.0,0.0,0.0,7,1.777778,3.591986,12.7453,0,0,0.0,0.0,0.0,0.0,0
fork,Fork,9,8,10.0,0.0,1.0,2,heft,HEFT,88.3151,88.3151,1.0,1.0,1.0,0.0,0.0,0,1.0,,,0,0,45.9353,45.9353,45.9353,0.0,1
fork,Fork,9,8,10.0,0.0,1.0,2,cdls,CD-LS,26.1376,26.1376,3.378857,3.378857,1.0,0.0,0.0,7,1.777778,3.058531,8.8825,0,0,0.0,0.0,0.0,0.0,0
fork,Fork,9,8,10.0,0.0,1.0,2,cad,Proposed CA-D,26.1376,26.1376,3.378857,3.378857,1.0,0.0,0.0,7,1.777778,3.058531,8.8825,0,0,0.0,0.0,0.0,0.0,0
fork,Fork,9,8,10.0,0.0,1.0,3,heft,HEFT,90.5456,90.5456,1.0,1.0,1.0,0.0,0.0,0,1.0,,,0,0,45.4022,45.4022,45.4022,0.0,1
fork,Fork,9,8,10.0,0.0,1.0,3,cdls,CD-LS,23.3039,23.3039,3.885436,3.885436,1.0,0.0,0.0,7,1.777778,3.709846,9.606,0,0,0.0,0.0,0.0,0.0,0
fork,Fork,9,8,10.0,0.0,1.0,3,cad,Proposed CA-D,23.3039,23.3039,3.885436,3.885436,1.0,0.0,0.0,7,1.777778,3.709846,9.606,0,0,0.0,0.0,0.0,0.0,0
fork,Fork,9,8,10.0,0.0,1.0,4,heft,HEFT,125.1506,125.1506,1.0,1.0,1.0,0.0,0.0,0,1.0,,,0,0,0.0,0.0,0.0,0.0,0
fork,Fork,9,8,10.0,0.0,1.0,4,cdls,CD-LS,38.7895,38.7895,3.226403,3.226403,1.0,0.0,0.0,7,1.777778,2.862518,12.3373,0,0,0.0,0.0,0.0,0.0,0
fork,Fork,9,8,10.0,0.0,1.0,4,cad,Proposed CA-D,38.7895,38.7895,3.226403,3.226403,1.0,0.0,0.0,7,1.777778,2.862518,12.3373,0,0,0.0,0.0,0.0,0.0,0
fork,Fork,9,8,10.0,0.0,1.0,5,heft,HEFT,95.3081,95.3081,1.0,1.0,1.0,0.0,0.0,0,1.0,,,0,0,0.0,0.0,0.0,0.0,0
fork,Fork,9,8,10.0,0.0,1.0,5,cdls,CD-LS,34.1942,34.1942,2.787264,2.787264,1.0,0.0,0.0,7,1.777778,2.297911,8.7306,0,0,0.0,0.0,0.0,0.0,0
fork,Fork,9,8,10.0,0.0,1.0,5,cad,Proposed CA-D,34.1942,34.1942,2.787264,2.787264,1.0,0.0,0.0,7,1.777778,2.297911,8.7306,0,0,0.0,0.0,0.0,0.0,0
fork,Fork,9,8,10.0,0.0,1.0,6,heft,HEFT,98.256,126.7139,1.0,1.0,1.28963,28.4579,0.28963,0,1.0,,,0,0,103.4924,103.4924,103.4924,0.0,1
fork,Fork,9,8,10.0,0.0,1.0,6,cdls,CD-LS,32.8841,32.8841,2.987945,3.853343,1.0,0.0,0.0,7,1.777778,3.668584,13.4042,0,0,0.0,0.0,0.0,0.0,0
fork,Fork,9,8,10.0,0.0,1.0,6,cad,Proposed CA-D,32.8841,32.8841,2.987945,3.853343,1.0,0.0,0.0,7,1.777778,3.668584,13.4042,0,0,0.0,0.0,0.0,0.0,0
fork,Fork,9,8,10.0,0.0,1.0,7,heft,HEFT,124.8073,124.8073,1.0,1.0,1.0,0.0,0.0,0,1.0,,,0,0,0.0,0.0,0.0,0.0,0
fork,Fork,9,8,10.0,0.0,1.0,7,cdls,CD-LS,32.8346,32.8346,3.801086,3.801086,1.0,0.0,0.0,7,1.777778,3.601396,13.1389,0,0,0.0,0.0,0.0,0.0,0
fork,Fork,9,8,10.0,0.0,1.0,7,cad,Proposed CA-D,32.8346,32.8346,3.801086,3.801086,1.0,0.0,0.0,7,1.777778,3.601396,13.1389,0,0,0.0,0.0,0.0,0.0,0
fork,Fork,9,8,10.0,0.0,1.0,8,heft,HEFT,114.0011,114.0011,1.0,1.0,1.0,0.0,0.0,0,1.0,,,0,0,0.0,0.0,0.0,0.0,0
fork,Fork,9,8,10.0,0.0,1.0,8,cdls,CD-LS,29.7137,29.7137,3.836647,3.836647,1.0,0.0,0.0,7,1.777778,3.647118,12.0411,0,0,0.0,0.0,0.0,0.0,0
fork,Fork,9,8,10.0,0.0,1.0,8,cad,Proposed CA-D,29.7137,29.7137,3.836647,3.836647,1.0,0.0,0.0,7,1.777778,3.647118,12.0411,0,0,0.0,0.0,0.0,0.0,0
fork,Fork,9,8,10.0,0.0,1.0,9,heft,HEFT,102.2122,116.9581,1.0,1.0,1.144267,14.7459,0.144267,0,1.0,,,0,0,82.2413,82.2413,82.2413,0.0,1
fork,Fork,9,8,10.0,0.0,1.0,9,cdls,CD-LS,36.8273,36.8273,2.775446,3.175852,1.0,0.0,0.0,7,1.777778,2.797524,11.4473,0,0,0.0,0.0,0.0,0.0,0
fork,Fork,9,8,10.0,0.0,1.0,9,cad,Proposed CA-D,36.8273,36.8273,2.775446,3.175852,1.0,0.0,0.0,7,1.777778,2.797524,11.4473,0,0,0.0,0.0,0.0,0.0,0
fork,Fork,9,8,10.0,0.0,1.0,10,heft,HEFT,104.8138,104.8138,1.0,1.0,1.0,0.0,0.0,0,1.0,,,0,0,47.6598,47.6598,47.6598,0.0,1
fork,Fork,9,8,10.0,0.0,1.0,10,cdls,CD-LS,36.9662,36.9662,2.835392,2.835392,1.0,0.0,0.0,7,1.777778,2.35979,9.6925,0,0,0.0,0.0,0.0,0.0,0
fork,Fork,9,8,10.0,0.0,1.0,10,cad,Proposed CA-D,36.9662,36.9662,2.835392,2.835392,1.0,0.0,0.0,7,1.777778,2.35979,9.6925,0,0,0.0,0.0,0.0,0.0,0
fork,Fork,9,8,10.0,0.0,1.0,11,heft,HEFT,91.1841,91.1841,1.0,1.0,1.0,0.0,0.0,0,1.0,,,0,0,49.1721,49.1721,49.1721,0.0,1
fork,Fork,9,8,10.0,0.0,1.0,11,cdls,CD-LS,26.1535,26.1535,3.486501,3.486501,1.0,0.0,0.0,7,1.777778,3.196929,9.2901,0,0,0.0,0.0,0.0,0.0,0
fork,Fork,9,8,10.0,0.0,1.0,11,cad,Proposed CA-D,26.1535,26.1535,3.486501,3.486501,1.0,0.0,0.0,7,1.777778,3.196929,9.2901,0,0,0.0,0.0,0.0,0.0,0
fork,Fork,9,8,10.0,0.0,1.0,12,heft,HEFT,94.587,94.587,1.0,1.0,1.0,0.0,0.0,0,1.0,,,0,0,29.2139,29.2139,29.2139,0.0,1
fork,Fork,9,8,10.0,0.0,1.0,12,cdls,CD-LS,27.9637,27.9637,3.382497,3.382497,1.0,0.0,0.0,7,1.777778,3.063211,9.5176,0,0,0.0,0.0,0.0,0.0,0
fork,Fork,9,8,10.0,0.0,1.0,12,cad,Proposed CA-D,27.9637,27.9637,3.382497,3.382497,1.0,0.0,0.0,7,1.777778,3.063211,9.5176,0,0,0.0,0.0,0.0,0.0,0
fork,Fork,9,8,10.0,0.0,1.0,13,heft,HEFT,118.988,118.988,1.0,1.0,1.0,0.0,0.0,0,1.0,,,0,0,46.2308,46.2308,46.2308,0.0,1
fork,Fork,9,8,10.0,0.0,1.0,13,cdls,CD-LS,37.169,37.169,3.201274,3.201274,1.0,0.0,0.0,7,1.777778,2.830209,11.6884,0,0,0.0,0.0,0.0,0.0,0
fork,Fork,9,8,10.0,0.0,1.0,13,cad,Proposed CA-D,37.169,37.169,3.201274,3.201274,1.0,0.0,0.0,7,1.777778,2.830209,11.6884,0,0,0.0,0.0,0.0,0.0,0
fork,Fork,9,8,10.0,0.0,1.0,14,heft,HEFT,133.354,133.354,1.0,1.0,1.0,0.0,0.0,0,1.0,,,0,0,0.0,0.0,0.0,0.0,0
fork,Fork,9,8,10.0,0.0,1.0,14,cdls,CD-LS,35.3665,35.3665,3.770626,3.770626,1.0,0.0,0.0,7,1.777778,3.562234,13.9982,0,0,0.0,0.0,0.0,0.0,0
fork,Fork,9,8,10.0,0.0,1.0,14,cad,Proposed CA-D,35.3665,35.3665,3.770626,3.770626,1.0,0.0,0.0,7,1.777778,3.562234,13.9982,0,0,0.0,0.0,0.0,0.0,0
fork,Fork,9,8,10.0,0.0,1.0,15,heft,HEFT,107.0518,107.0518,1.0,1.0,1.0,0.0,0.0,0,1.0,,,0,0,0.0,0.0,0.0,0.0,0
fork,Fork,9,8,10.0,0.0,1.0,15,cdls,CD-LS,32.6284,32.6284,3.280938,3.280938,1.0,0.0,0.0,7,1.777778,2.932635,10.6319,0,0,0.0,0.0,0.0,0.0,0
fork,Fork,9,8,10.0,0.0,1.0,15,cad,Proposed CA-D,32.6284,32.6284,3.280938,3.280938,1.0,0.0,0.0,7,1.777778,2.932635,10.6319,0,0,0.0,0.0,0.0,0.0,0
fork,Fork,9,8,10.0,0.0,1.0,16,heft,HEFT,96.4284,96.4284,1.0,1.0,1.0,0.0,0.0,0,1.0,,,0,0,50.5054,50.5054,50.5054,0.0,1
fork,Fork,9,8,10.0,0.0,1.0,16,cdls,CD-LS,31.6232,31.6232,3.049288,3.049288,1.0,0.0,0.0,7,1.777778,2.634799,9.2579,0,0,0.0,0.0,0.0,0.0,0
fork,Fork,9,8,10.0,0.0,1.0,16,cad,Proposed CA-D,31.6232,31.6232,3.049288,3.049288,1.0,0.0,0.0,7,1.777778,2.634799,9.2579,0,0,0.0,0.0,0.0,0.0,0
fork,Fork,9,8,10.0,0.0,1.0,17,heft,HEFT,93.9893,108.1747,1.0,1.0,1.150927,14.1855,0.150927,0,1.0,,,0,0,82.2745,82.2745,82.2745,0.0,1
fork,Fork,9,8,10.0,0.0,1.0,17,cdls,CD-LS,33.7219,33.7219,2.787186,3.207847,1.0,0.0,0.0,7,1.777778,2.838661,10.6361,0,0,0.0,0.0,0.0,0.0,0
fork,Fork,9,8,10.0,0.0,1.0,17,cad,Proposed CA-D,33.7219,33.7219,2.787186,3.207847,1.0,0.0,0.0,7,1.777778,2.838661,10.6361,0,0,0.0,0.0,0.0,0.0,0
fork,Fork,9,8,10.0,0.0,1.0,18,heft,HEFT,102.0047,102.0047,1.0,1.0,1.0,0.0,0.0,0,1.0,,,0,0,28.3524,28.3524,28.3524,0.0,1
fork,Fork,9,8,10.0,0.0,1.0,18,cdls,CD-LS,30.5362,30.5362,3.340457,3.340457,1.0,0.0,0.0,7,1.777778,3.00916,10.2098,0,0,0.0,0.0,0.0,0.0,0
fork,Fork,9,8,10.0,0.0,1.0,18,cad,Proposed CA-D,30.5362,30.5362,3.340457,3.340457,1.0,0.0,0.0,7,1.777778,3.00916,10.2098,0,0,0.0,0.0,0.0,0.0,0
fork,Fork,9,8,10.0,0.0,1.0,19,heft,HEFT,110.1034,110.1034,1.0,1.0,1.0,0.0,0.0,0,1.0,,,0,0,0.0,0.0,0.0,0.0,0
fork,Fork,9,8,10.0,0.0,1.0,19,cdls,CD-LS,30.1937,30.1937,3.646566,3.646566,1.0,0.0,0.0,7,1.777778,3.402727,11.4157,0,0,0.0,0.0,0.0,0.0,0
fork,Fork,9,8,10.0,0.0,1.0,19,cad,Proposed CA-D,30.1937,30.1937,3.646566,3.646566,1.0,0.0,0.0,7,1.777778,3.402727,11.4157,0,0,0.0,0.0,0.0,0.0,0
out_tree,Out-tree,7,6,0.1,0.0,1.0,0,heft,HEFT,40.8003,40.8003,1.0,1.0,1.0,0.0,0.0,0,1.0,,,0,0,8.8368,3.7388,2.9456,0.212157,3
out_tree,Out-tree,7,6,0.1,0.0,1.0,0,cdls,CD-LS,40.8003,40.8003,1.0,1.0,1.0,0.0,0.0,3,1.428571,0.0,0.0,0,0,12.9345,4.7165,4.3115,0.085872,3
out_tree,Out-tree,7,6,0.1,0.0,1.0,0,cad,Proposed CA-D,40.8003,40.8003,1.0,1.0,1.0,0.0,0.0,5,1.714286,0.0,0.0,0,0,0.0,0.0,0.0,0.0,0
out_tree,Out-tree,7,6,0.1,0.0,1.0,1,heft,HEFT,51.164,51.164,1.0,1.0,1.0,0.0,0.0,0,1.0,,,0,0,11.5371,4.5078,3.8457,0.146887,3
out_tree,Out-tree,7,6,0.1,0.0,1.0,1,cdls,CD-LS,51.164,51.164,1.0,1.0,1.0,0.0,0.0,2,1.285714,0.0,0.0,0,0,6.5318,3.4564,2.1773,0.370083,3
out_tree,Out-tree,7,6,0.1,0.0,1.0,1,cad,Proposed CA-D,51.164,51.164,1.0,1.0,1.0,0.0,0.0,5,1.714286,0.0,0.0,0,0,0.0,0.0,0.0,0.0,0
out_tree,Out-tree,7,6,0.1,0.0,1.0,2,heft,HEFT,42.066,42.066,1.0,1.0,1.0,0.0,0.0,0,1.0,,,0,0,5.761,3.7384,2.8805,0.22948,2
out_tree,Out-tree,7,6,0.1,0.0,1.0,2,cdls,CD-LS,42.066,42.066,1.0,1.0,1.0,0.0,0.0,3,1.428571,0.0,0.0,0,0,6.7186,3.1225,2.2395,0.282772,3
out_tree,Out-tree,7,6,0.1,0.0,1.0,2,cad,Proposed CA-D,42.066,42.066,1.0,1.0,1.0,0.0,0.0,5,1.714286,0.0,0.0,0,0,0.0,0.0,0.0,0.0,0
out_tree,Out-tree,7,6,0.1,0.0,1.0,3,heft,HEFT,36.3777,36.3777,1.0,1.0,1.0,0.0,0.0,0,1.0,,,0,0,5.0959,2.8387,2.548,0.102412,2
out_tree,Out-tree,7,6,0.1,0.0,1.0,3,cdls,CD-LS,36.3777,36.3777,1.0,1.0,1.0,0.0,0.0,2,1.285714,0.0,0.0,0,0,4.5145,2.2572,2.2572,0.0,2
out_tree,Out-tree,7,6,0.1,0.0,1.0,3,cad,Proposed CA-D,35.4896,35.4896,1.025024,1.025024,1.0,0.0,0.0,5,1.714286,0.035034,0.1776,0,0,0.0,0.0,0.0,0.0,0
out_tree,Out-tree,7,6,0.1,0.0,1.0,4,heft,HEFT,55.818,55.818,1.0,1.0,1.0,0.0,0.0,0,1.0,,,0,0,6.7802,3.0408,2.2601,0.256754,3
out_tree,Out-tree,7,6,0.1,0.0,1.0,4,cdls,CD-LS,55.818,55.818,1.0,1.0,1.0,0.0,0.0,2,1.285714,0.0,0.0,0,0,4.2746,2.1373,2.1373,0.0,2
out_tree,Out-tree,7,6,0.1,0.0,1.0,4,cad,Proposed CA-D,55.818,55.818,1.0,1.0,1.0,0.0,0.0,5,1.714286,0.0,0.0,0,0,0.0,0.0,0.0,0.0,0
out_tree,Out-tree,7,6,0.1,0.0,1.0,5,heft,HEFT,43.4812,43.4812,1.0,1.0,1.0,0.0,0.0,0,1.0,,,0,0,7.6118,3.0195,2.5373,0.159701,3
out_tree,Out-tree,7,6,0.1,0.0,1.0,5,cdls,CD-LS,43.4812,43.4812,1.0,1.0,1.0,0.0,0.0,3,1.428571,0.0,0.0,0,0,2.1477,0.861,0.7159,0.168502,3
out_tree,Out-tree,7,6,0.1,0.0,1.0,5,cad,Proposed CA-D,43.4812,43.4812,1.0,1.0,1.0,0.0,0.0,5,1.714286,0.0,0.0,0,0,0.0,0.0,0.0,0.0,0
out_tree,Out-tree,7,6,0.1,0.0,1.0,6,heft,HEFT,44.1639,44.1639,1.0,1.0,1.0,0.0,0.0,0,1.0,,,0,0,8.4942,4.1367,2.8314,0.31554,3
out_tree,Out-tree,7,6,0.1,0.0,1.0,6,cdls,CD-LS,43.0332,43.0332,1.026274,1.026274,1.0,0.0,0.0,2,1.285714,0.09196,0.5653,0,0,7.905,3.5475,2.635,0.257217,3
out_tree,Out-tree,7,6,0.1,0.0,1.0,6,cad,Proposed CA-D,43.0332,43.0332,1.026274,1.026274,1.0,0.0,0.0,5,1.714286,0.036784,0.2261,0,0,0.0,0.0,0.0,0.0,0
out_tree,Out-tree,7,6,0.1,0.0,1.0,7,heft,HEFT,49.115,49.115,1.0,1.0,1.0,0.0,0.0,0,1.0,,,0,0,6.5816,3.2748,2.1939,0.330076,3
out_tree,Out-tree,7,6,0.1,0.0,1.0,7,cdls,CD-LS,49.115,49.115,1.0,1.0,1.0,0.0,0.0,1,1.142857,0.0,0.0,0,0,4.2299,2.3837,1.41,0.408487,3
out_tree,Out-tree,7,6,0.1,0.0,1.0,7,cad,Proposed CA-D,49.115,49.115,1.0,1.0,1.0,0.0,0.0,5,1.714286,0.0,0.0,0,0,0.0,0.0,0.0,0.0,0
out_tree,Out-tree,7,6,0.1,0.0,1.0,8,heft,HEFT,49.0164,49.0164,1.0,1.0,1.0,0.0,0.0,0,1.0,,,0,0,4.933,3.3888,2.4665,0.272158,2
out_tree,Out-tree,7,6,0.1,0.0,1.0,8,cdls,CD-LS,48.571,49.4854,1.00917,0.990522,1.018826,0.9144,0.018826,3,1.428571,-0.022115,-0.1563,0,0,11.75,5.4178,3.9167,0.277073,3
out_tree,Out-tree,7,6,0.1,0.0,1.0,8,cad,Proposed CA-D,47.7622,47.7622,1.026259,1.026259,1.0,0.0,0.0,5,1.714286,0.036762,0.2508,0,0,0.0,0.0,0.0,0.0,0
out_tree,Out-tree,7,6,0.1,0.0,1.0,9,heft,HEFT,50.8317,52.3151,1.0,1.0,1.029183,1.4834,0.029183,0,1.0,,,0,0,12.2406,4.86,4.0802,0.16046,3
out_tree,Out-tree,7,6,0.1,0.0,1.0,9,cdls,CD-LS,50.8317,50.8317,1.0,1.029183,1.0,0.0,0.0,1,1.142857,0.204283,1.4834,0,0,7.8756,4.853,2.6252,0.459052,3
out_tree,Out-tree,7,6,0.1,0.0,1.0,9,cad,Proposed CA-D,50.8317,50.8317,1.0,1.029183,1.0,0.0,0.0,5,1.714286,0.040857,0.2967,0,0,0.0,0.0,0.0,0.0,0
out_tree,Out-tree,7,6,0.1,0.0,1.0,10,heft,HEFT,52.1022,52.1022,1.0,1.0,1.0,0.0,0.0,0,1.0,,,0,0,6.3437,2.8573,2.1146,0.259928,3
out_tree,Out-tree,7,6,0.1,0.0,1.0,10,cdls,CD-LS,52.1022,52.1022,1.0,1.0,1.0,0.0,0.0,2,1.285714,0.0,0.0,0,0,5.2807,2.6404,2.6404,0.0,2
out_tree,Out-tree,7,6,0.1,0.0,1.0,10,cad,Proposed CA-D,52.1022,52.1022,1.0,1.0,1.0,0.0,0.0,5,1.714286,0.0,0.0,0,0,0.0,0.0,0.0,0.0,0
out_tree,Out-tree,7,6,0.1,0.0,1.0,11,heft,HEFT,39.8742,39.8742,1.0,1.0,1.0,0.0,0.0,0,1.0,,,0,0,5.9161,2.7391,1.972,0.28005,3
out_tree,Out-tree,7,6,0.1,0.0,1.0,11,cdls,CD-LS,39.8742,39.8742,1.0,1.0,1.0,0.0,0.0,2,1.285714,0.0,0.0,0,0,4.1271,1.8446,1.3757,0.254212,3
out_tree,Out-tree,7,6,0.1,0.0,1.0,11,cad,Proposed CA-D,39.8742,39.8742,1.0,1.0,1.0,0.0,0.0,5,1.714286,0.0,0.0,0,0,0.0,0.0,0.0,0.0,0
out_tree,Out-tree,7,6,0.1,0.0,1.0,12,heft,HEFT,38.212,38.212,1.0,1.0,1.0,0.0,0.0,0,1.0,,,0,0,8.7222,4.7911,4.3611,0.089758,2
out_tree,Out-tree,7,6,0.1,0.0,1.0,12,cdls,CD-LS,38.212,38.212,1.0,1.0,1.0,0.0,0.0,2,1.285714,0.0,0.0,0,0,3.2265,2.13,1.0755,0.49507,3
out_tree,Out-tree,7,6,0.1,0.0,1.0,12,cad,Proposed CA-D,38.212,38.212,1.0,1.0,1.0,0.0,0.0,5,1.714286,0.0,0.0,0,0,0.0,0.0,0.0,0.0,0
out_tree,Out-tree,7,6,0.1,0.0,1.0,13,heft,HEFT,54.3343,54.3343,1.0,1.0,1.0,0.0,0.0,0,1.0,,,0,0,3.508,1.6,1.1693,0.269173,3
out_tree,Out-tree,7,6,0.1,0.0,1.0,13,cdls,CD-LS,54.3343,54.3343,1.0,1.0,1.0,0.0,0.0,2,1.285714,0.0,0.0,0,0,1.9718,0.8319,0.6573,0.20994,3
out_tree,Out-tree,7,6,0.1,0.0,1.0,13,cad,Proposed CA-D,54.3343,54.3343,1.0,1.0,1.0,0.0,0.0,5,1.714286,0.0,0.0,0,0,0.0,0.0,0.0,0.0,0
out_tree,Out-tree,7,6,0.1,0.0,1.0,14,heft,HEFT,49.4405,49.4405,1.0,1.0,1.0,0.0,0.0,0,1.0,,,0,0,6.0129,2.8095,2.0043,0.286611,3
out_tree,Out-tree,7,6,0.1,0.0,1.0,14,cdls,CD-LS,49.4405,49.4405,1.0,1.0,1.0,0.0,0.0,2,1.285714,0.0,0.0,0,0,5.9312,2.7279,1.9771,0.27523,3
out_tree,Out-tree,7,6,0.1,0.0,1.0,14,cad,Proposed CA-D,49.4405,49.4405,1.0,1.0,1.0,0.0,0.0,5,1.714286,0.0,0.0,0,0,0.0,0.0,0.0,0.0,0
out_tree,Out-tree,7,6,0.1,0.0,1.0,15,heft,HEFT,46.2024,46.2024,1.0,1.0,1.0,0.0,0.0,0,1.0,,,0,0,8.7936,3.7532,2.9312,0.21902,3
out_tree,Out-tree,7,6,0.1,0.0,1.0,15,cdls,CD-LS,46.2024,46.2024,1.0,1.0,1.0,0.0,0.0,3,1.428571,0.0,0.0,0,0,6.3607,3.6384,2.1202,0.417266,3
out_tree,Out-tree,7,6,0.1,0.0,1.0,15,cad,Proposed CA-D,46.2024,46.2024,1.0,1.0,1.0,0.0,0.0,5,1.714286,0.0,0.0,0,0,0.0,0.0,0.0,0.0,0
out_tree,Out-tree,7,6,0.1,0.0,1.0,16,heft,HEFT,39.2876,39.2876,1.0,1.0,1.0,0.0,0.0,0,1.0,,,0,0,8.3868,4.0121,2.7956,0.303219,3
out_tree,Out-tree,7,6,0.1,0.0,1.0,16,cdls,CD-LS,39.2876,39.2876,1.0,1.0,1.0,0.0,0.0,2,1.285714,0.0,0.0,0,0,4.9862,2.4931,2.4931,0.0,2
out_tree,Out-tree,7,6,0.1,0.0,1.0,16,cad,Proposed CA-D,39.2876,39.2876,1.0,1.0,1.0,0.0,0.0,5,1.714286,0.0,0.0,0,0,0.0,0.0,0.0,0.0,0
out_tree,Out-tree,7,6,0.1,0.0,1.0,17,heft,HEFT,43.7411,43.7411,1.0,1.0,1.0,0.0,0.0,0,1.0,,,0,0,6.1315,3.8421,2.0438,0.46804,3
out_tree,Out-tree,7,6,0.1,0.0,1.0,17,cdls,CD-LS,43.7411,43.7411,1.0,1.0,1.0,0.0,0.0,1,1.142857,0.0,0.0,0,0,4.2008,1.9114,1.4003,0.267414,3
out_tree,Out-tree,7,6,0.1,0.0,1.0,17,cad,Proposed CA-D,42.4648,42.4648,1.030056,1.030056,1.0,0.0,0.0,5,1.714286,0.042078,0.2553,0,0,0.0,0.0,0.0,0.0,0
out_tree,Out-tree,7,6,0.1,0.0,1.0,18,heft,HEFT,46.2974,46.2974,1.0,1.0,1.0,0.0,0.0,0,1.0,,,0,0,5.0499,2.5573,1.6833,0.341763,3
out_tree,Out-tree,7,6,0.1,0.0,1.0,18,cdls,CD-LS,46.2974,46.2974,1.0,1.0,1.0,0.0,0.0,2,1.285714,0.0,0.0,0,0,4.4328,1.9401,1.4776,0.238408,3
out_tree,Out-tree,7,6,0.1,0.0,1.0,18,cad,Proposed CA-D,46.2974,46.2974,1.0,1.0,1.0,0.0,0.0,5,1.714286,0.0,0.0,0,0,0.0,0.0,0.0,0.0,0
out_tree,Out-tree,7,6,0.1,0.0,1.0,19,heft,HEFT,39.8519,39.8519,1.0,1.0,1.0,0.0,0.0,0,1.0,,,0,0,8.4133,3.2698,2.8044,0.142317,3
out_tree,Out-tree,7,6,0.1,0.0,1.0,19,cdls,CD-LS,39.8519,39.8519,1.0,1.0,1.0,0.0,0.0,3,1.428571,0.0,0.0,0,0,12.201,4.3595,4.067,0.067106,3
out_tree,Out-tree,7,6,0.1,0.0,1.0,19,cad,Proposed CA-D,39.8519,39.8519,1.0,1.0,1.0,0.0,0.0,5,1.714286,0.0,0.0,0,0,0.0,0.0,0.0,0.0,0
out_tree,Out-tree,7,6,1.0,0.0,1.0,0,heft,HEFT,61.2888,92.2914,1.0,1.0,1.505844,31.0026,0.505844,0,1.0,,,0,0,111.3938,54.5907,37.1313,0.319824,3
out_tree,Out-tree,7,6,1.0,0.0,1.0,0,cdls,CD-LS,46.419,56.5994,1.32034,1.630609,1.219315,10.1804,0.219315,3,1.428571,1.471421,11.8974,0,0,71.1002,27.7502,23.7001,0.14595,3
out_tree,Out-tree,7,6,1.0,0.0,1.0,0,cad,Proposed CA-D,40.8003,40.8003,1.502167,2.262029,1.0,0.0,0.0,5,1.714286,1.766841,10.2982,0,0,0.0,0.0,0.0,0.0,0
out_tree,Out-tree,7,6,1.0,0.0,1.0,1,heft,HEFT,67.8621,71.2624,1.0,1.0,1.050105,3.4002,0.050105,0,1.0,,,0,0,29.6506,29.6506,29.6506,0.0,1
out_tree,Out-tree,7,6,1.0,0.0,1.0,1,cdls,CD-LS,56.9886,56.9886,1.190801,1.250467,1.0,0.0,0.0,2,1.285714,0.876633,7.1369,0,0,30.7537,15.3769,15.3769,0.0,2
out_tree,Out-tree,7,6,1.0,0.0,1.0,1,cad,Proposed CA-D,51.164,51.164,1.326364,1.392822,1.0,0.0,0.0,5,1.714286,0.54995,4.0197,0,0,0.0,0.0,0.0,0.0,0
out_tree,Out-tree,7,6,1.0,0.0,1.0,2,heft,HEFT,58.9234,82.7871,1.0,1.0,1.404994,23.8637,0.404994,0,1.0,,,0,0,93.9511,56.567,46.9755,0.16956,2
out_tree,Out-tree,7,6,1.0,0.0,1.0,2,cdls,CD-LS,44.9546,49.6909,1.310731,1.66604,1.105357,4.7363,0.105357,3,1.428571,1.554092,11.032,0,0,51.696,31.2248,17.232,0.448132,3
out_tree,Out-tree,7,6,1.0,0.0,1.0,2,cad,Proposed CA-D,42.066,42.066,1.400738,1.968029,1.0,0.0,0.0,5,1.714286,1.355241,8.1442,0,0,0.0,0.0,0.0,0.0,0
out_tree,Out-tree,7,6,1.0,0.0,1.0,3,heft,HEFT,46.9865,46.9865,1.0,1.0,1.0,0.0,0.0,0,1.0,,,0,0,19.42,12.6171,9.71,0.230411,2
out_tree,Out-tree,7,6,1.0,0.0,1.0,3,cdls,CD-LS,46.9865,46.9865,1.0,1.0,1.0,0.0,0.0,2,1.285714,0.0,0.0,0,0,13.6057,6.8029,6.8029,0.0,2
out_tree,Out-tree,7,6,1.0,0.0,1.0,3,cad,Proposed CA-D,35.4896,35.4896,1.323951,1.323951,1.0,0.0,0.0,5,1.714286,0.453532,2.2994,0,0,0.0,0.0,0.0,0.0,0
out_tree,Out-tree,7,6,1.0,0.0,1.0,4,heft,HEFT,76.494,97.654,1.0,1.0,1.276624,21.16,0.276624,0,1.0,,,0,0,69.5782,55.1909,34.7891,0.369659,2
out_tree,Out-tree,7,6,1.0,0.0,1.0,4,cdls,CD-LS,63.824,63.824,1.198513,1.53005,1.0,0.0,0.0,2,1.285714,1.855176,16.915,0,0,28.359,14.3872,9.453,0.342959,3
out_tree,Out-tree,7,6,1.0,0.0,1.0,4,cad,Proposed CA-D,55.818,55.818,1.370417,1.749507,1.0,0.0,0.0,5,1.714286,1.049309,8.3672,0,0,0.0,0.0,0.0,0.0,0
out_tree,Out-tree,7,6,1.0,0.0,1.0,5,heft,HEFT,60.1261,60.1261,1.0,1.0,1.0,0.0,0.0,0,1.0,,,0,0,13.7617,9.4093,6.8808,0.268723,2
out_tree,Out-tree,7,6,1.0,0.0,1.0,5,cdls,CD-LS,44.9078,49.1653,1.338879,1.222937,1.094806,4.2575,0.094806,3,1.428571,0.520187,3.6536,0,0,21.4773,8.6099,7.1591,0.168502,3
out_tree,Out-tree,7,6,1.0,0.0,1.0,5,cad,Proposed CA-D,43.4812,43.4812,1.382808,1.382808,1.0,0.0,0.0,5,1.714286,0.535931,3.329,0,0,0.0,0.0,0.0,0.0,0
out_tree,Out-tree,7,6,1.0,0.0,1.0,6,heft,HEFT,68.0606,68.0606,1.0,1.0,1.0,0.0,0.0,0,1.0,,,0,0,20.3541,12.2535,10.1771,0.169458,2
out_tree,Out-tree,7,6,1.0,0.0,1.0,6,cdls,CD-LS,53.2147,53.2147,1.278981,1.278981,1.0,0.0,0.0,1,1.142857,1.952866,14.8459,0,0,8.1006,8.1006,8.1006,0.0,1
out_tree,Out-tree,7,6,1.0,0.0,1.0,6,cad,Proposed CA-D,43.0332,43.0332,1.581582,1.581582,1.0,0.0,0.0,5,1.714286,0.814215,5.0055,0,0,0.0,0.0,0.0,0.0,0
out_tree,Out-tree,7,6,1.0,0.0,1.0,7,heft,HEFT,67.3505,68.1718,1.0,1.0,1.012194,0.8213,0.012194,0,1.0,,,0,0,28.2881,19.0568,14.144,0.257795,2
out_tree,Out-tree,7,6,1.0,0.0,1.0,7,cdls,CD-LS,50.7152,50.7152,1.328014,1.344207,1.0,0.0,0.0,1,1.142857,2.409451,17.4566,0,0,18.4626,9.2313,9.2313,0.0,2
out_tree,Out-tree,7,6,1.0,0.0,1.0,7,cad,Proposed CA-D,49.115,49.115,1.371282,1.388003,1.0,0.0,0.0,5,1.714286,0.543204,3.8114,0,0,0.0,0.0,0.0,0.0,0
out_tree,Out-tree,7,6,1.0,0.0,1.0,8,heft,HEFT,64.5904,64.5904,1.0,1.0,1.0,0.0,0.0,0,1.0,,,0,0,9.1442,9.1442,9.1442,0.0,1
out_tree,Out-tree,7,6,1.0,0.0,1.0,8,cdls,CD-LS,56.3226,56.3226,1.146793,1.146793,1.0,0.0,0.0,4,1.571429,0.256888,2.0669,0,0,45.7208,18.2883,15.2403,0.166667,3
out_tree,Out-tree,7,6,1.0,0.0,1.0,8,cad,Proposed CA-D,47.7622,47.7622,1.352334,1.352334,1.0,0.0,0.0,5,1.714286,0.493267,3.3656,0,0,0.0,0.0,0.0,0.0,0
out_tree,Out-tree,7,6,1.0,0.0,1.0,9,heft,HEFT,68.3732,91.6267,1.0,1.0,1.340097,23.2535,0.340097,0,1.0,,,0,0,133.1249,54.3688,33.2812,0.387862,4
out_tree,Out-tree,7,6,1.0,0.0,1.0,9,cdls,CD-LS,68.3732,91.6267,1.0,1.0,1.340097,23.2535,0.340097,1,1.142857,0.0,0.0,0,0,76.7334,48.5296,25.5778,0.472944,3
out_tree,Out-tree,7,6,1.0,0.0,1.0,9,cad,Proposed CA-D,50.8317,50.8317,1.345091,1.802552,1.0,0.0,0.0,5,1.714286,1.123573,8.159,0,0,0.0,0.0,0.0,0.0,0
out_tree,Out-tree,7,6,1.0,0.0,1.0,10,heft,HEFT,72.9095,72.9095,1.0,1.0,1.0,0.0,0.0,0,1.0,,,0,0,28.5725,28.5725,28.5725,0.0,1
out_tree,Out-tree,7,6,1.0,0.0,1.0,10,cdls,CD-LS,52.2665,52.2665,1.394958,1.394958,1.0,0.0,0.0,1,1.142857,2.764707,20.6431,0,0,16.922,8.461,8.461,0.0,2
out_tree,Out-tree,7,6,1.0,0.0,1.0,10,cad,Proposed CA-D,52.1022,52.1022,1.399355,1.399355,1.0,0.0,0.0,5,1.714286,0.559097,4.1615,0,0,0.0,0.0,0.0,0.0,0
out_tree,Out-tree,7,6,1.0,0.0,1.0,11,heft,HEFT,42.55,42.55,1.0,1.0,1.0,0.0,0.0,0,1.0,,,0,0,31.7699,18.4465,15.885,0.138862,2
out_tree,Out-tree,7,6,1.0,0.0,1.0,11,cdls,CD-LS,41.0753,41.0753,1.035903,1.035903,1.0,0.0,0.0,2,1.285714,0.12566,0.7374,0,0,22.825,18.4465,11.4125,0.381319,2
out_tree,Out-tree,7,6,1.0,0.0,1.0,11,cad,Proposed CA-D,39.8742,39.8742,1.067107,1.067107,1.0,0.0,0.0,5,1.714286,0.09395,0.5352,0,0,0.0,0.0,0.0,0.0,0
out_tree,Out-tree,7,6,1.0,0.0,1.0,12,heft,HEFT,59.3183,61.9076,1.0,1.0,1.043652,2.5894,0.043652,0,1.0,,,0,0,26.2546,26.2546,26.2546,0.0,1
out_tree,Out-tree,7,6,1.0,0.0,1.0,12,cdls,CD-LS,41.1355,41.1355,1.44202,1.504967,1.0,0.0,0.0,2,1.285714,1.767385,10.3861,0,0,10.965,5.4825,5.4825,0.0,2
out_tree,Out-tree,7,6,1.0,0.0,1.0,12,cad,Proposed CA-D,38.212,38.212,1.552347,1.62011,1.0,0.0,0.0,5,1.714286,0.868154,4.7391,0,0,0.0,0.0,0.0,0.0,0
out_tree,Out-tree,7,6,1.0,0.0,1.0,13,heft,HEFT,63.5056,63.5056,1.0,1.0,1.0,0.0,0.0,0,1.0,,,0,0,19.0796,10.7602,9.5398,0.113419,2
out_tree,Out-tree,7,6,1.0,0.0,1.0,13,cdls,CD-LS,54.5839,54.5839,1.163449,1.163449,1.0,0.0,0.0,3,1.428571,0.381381,2.9739,0,0,20.6381,11.3991,6.8794,0.396498,3
out_tree,Out-tree,7,6,1.0,0.0,1.0,13,cad,Proposed CA-D,54.3343,54.3343,1.168794,1.168794,1.0,0.0,0.0,5,1.714286,0.236312,1.8343,0,0,0.0,0.0,0.0,0.0,0
out_tree,Out-tree,7,6,1.0,0.0,1.0,14,heft,HEFT,75.9416,75.9416,1.0,1.0,1.0,0.0,0.0,0,1.0,,,0,0,25.3883,25.3883,25.3883,0.0,1
out_tree,Out-tree,7,6,1.0,0.0,1.0,14,cdls,CD-LS,60.4005,60.4005,1.257301,1.257301,1.0,0.0,0.0,1,1.142857,1.801105,15.5411,0,0,9.5098,4.7549,4.7549,0.0,2
out_tree,Out-tree,7,6,1.0,0.0,1.0,14,cad,Proposed CA-D,49.4405,49.4405,1.536018,1.536018,1.0,0.0,0.0,5,1.714286,0.750426,5.3002,0,0,0.0,0.0,0.0,0.0,0
out_tree,Out-tree,7,6,1.0,0.0,1.0,15,heft,HEFT,58.9749,58.9749,1.0,1.0,1.0,0.0,0.0,0,1.0,,,0,0,10.4424,10.4424,10.4424,0.0,1
out_tree,Out-tree,7,6,1.0,0.0,1.0,15,cdls,CD-LS,46.6911,51.5834,1.263086,1.143291,1.104781,4.8923,0.104781,3,1.428571,0.334346,2.4638,0,0,46.0551,18.8325,15.3517,0.184829,3
out_tree,Out-tree,7,6,1.0,0.0,1.0,15,cad,Proposed CA-D,46.2024,46.2024,1.276447,1.276447,1.0,0.0,0.0,5,1.714286,0.387026,2.5545,0,0,0.0,0.0,0.0,0.0,0
out_tree,Out-tree,7,6,1.0,0.0,1.0,16,heft,HEFT,49.5087,49.5087,1.0,1.0,1.0,0.0,0.0,0,1.0,,,0,0,3.6247,3.6247,3.6247,0.0,1
out_tree,Out-tree,7,6,1.0,0.0,1.0,16,cdls,CD-LS,49.5087,49.5087,1.0,1.0,1.0,0.0,0.0,2,1.285714,0.0,0.0,0,0,7.2494,3.6247,3.6247,0.0,2
out_tree,Out-tree,7,6,1.0,0.0,1.0,16,cad,Proposed CA-D,39.2876,39.2876,1.260164,1.260164,1.0,0.0,0.0,5,1.714286,0.364229,2.0442,0,0,0.0,0.0,0.0,0.0,0
out_tree,Out-tree,7,6,1.0,0.0,1.0,17,heft,HEFT,56.4392,59.8171,1.0,1.0,1.05985,3.3779,0.05985,0,1.0,,,0,0,21.721,18.3431,10.8605,0.407925,2
out_tree,Out-tree,7,6,1.0,0.0,1.0,17,cdls,CD-LS,49.2442,49.2442,1.146107,1.214702,1.0,0.0,0.0,2,1.285714,0.751456,5.2864,0,0,22.8942,13.1361,11.4471,0.128573,2
out_tree,Out-tree,7,6,1.0,0.0,1.0,17,cad,Proposed CA-D,42.4648,42.4648,1.329083,1.408629,1.0,0.0,0.0,5,1.714286,0.57208,3.4705,0,0,0.0,0.0,0.0,0.0,0
out_tree,Out-tree,7,6,1.0,0.0,1.0,18,heft,HEFT,58.965,84.538,1.0,1.0,1.433699,25.5731,0.433699,0,1.0,,,0,0,80.7694,49.6713,26.9231,0.457974,3
out_tree,Out-tree,7,6,1.0,0.0,1.0,18,cdls,CD-LS,47.5371,47.5371,1.2404,1.77836,1.0,0.0,0.0,2,1.285714,2.724261,18.5005,0,0,38.8025,19.4013,12.9342,0.333333,3
out_tree,Out-tree,7,6,1.0,0.0,1.0,18,cad,Proposed CA-D,46.2974,46.2974,1.273614,1.825979,1.0,0.0,0.0,5,1.714286,1.15637,7.6481,0,0,0.0,0.0,0.0,0.0,0
out_tree,Out-tree,7,6,1.0,0.0,1.0,19,heft,HEFT,57.4237,57.4237,1.0,1.0,1.0,0.0,0.0,0,1.0,,,0,0,41.4742,30.1058,20.7371,0.311192,2
out_tree,Out-tree,7,6,1.0,0.0,1.0,19,cdls,CD-LS,45.7526,45.7526,1.255092,1.255092,1.0,0.0,0.0,2,1.285714,0.892822,5.8356,0,0,17.553,8.7765,8.7765,0.0,2
out_tree,Out-tree,7,6,1.0,0.0,1.0,19,cad,Proposed CA-D,39.8519,39.8519,1.440929,1.440929,1.0,0.0,0.0,5,1.714286,0.617301,3.5144,0,0,0.0,0.0,0.0,0.0,0
out_tree,Out-tree,7,6,5.0,0.0,1.0,0,heft,HEFT,84.4537,84.4537,1.0,1.0,1.0,0.0,0.0,0,1.0,,,0,0,0.0,0.0,0.0,0.0,0
out_tree,Out-tree,7,6,5.0,0.0,1.0,0,cdls,CD-LS,52.9599,52.9599,1.594672,1.594672,1.0,0.0,0.0,1,1.142857,4.162704,31.4938,0,0,0.0,0.0,0.0,0.0,0
out_tree,Out-tree,7,6,5.0,0.0,1.0,0,cad,Proposed CA-D,40.8003,40.8003,2.069929,2.069929,1.0,0.0,0.0,5,1.714286,1.4979,8.7307,0,0,0.0,0.0,0.0,0.0,0
out_tree,Out-tree,7,6,5.0,0.0,1.0,1,heft,HEFT,96.7693,96.7693,1.0,1.0,1.0,0.0,0.0,0,1.0,,,0,0,0.0,0.0,0.0,0.0,0
out_tree,Out-tree,7,6,5.0,0.0,1.0,1,cdls,CD-LS,60.8415,60.8415,1.590515,1.590515,1.0,0.0,0.0,1,1.142857,4.133607,35.9278,0,0,0.0,0.0,0.0,0.0,0
out_tree,Out-tree,7,6,5.0,0.0,1.0,1,cad,Proposed CA-D,51.164,51.164,1.891355,1.891355,1.0,0.0,0.0,5,1.714286,1.247897,9.1211,0,0,0.0,0.0,0.0,0.0,0
out_tree,Out-tree,7,6,5.0,0.0,1.0,2,heft,HEFT,79.7421,79.7421,1.0,1.0,1.0,0.0,0.0,0,1.0,,,0,0,0.0,0.0,0.0,0.0,0
out_tree,Out-tree,7,6,5.0,0.0,1.0,2,cdls,CD-LS,49.8845,49.8845,1.598535,1.598535,1.0,0.0,0.0,1,1.142857,4.189745,29.8576,0,0,0.0,0.0,0.0,0.0,0
out_tree,Out-tree,7,6,5.0,0.0,1.0,2,cad,Proposed CA-D,42.066,42.066,1.895644,1.895644,1.0,0.0,0.0,5,1.714286,1.253901,7.5352,0,0,0.0,0.0,0.0,0.0,0
out_tree,Out-tree,7,6,5.0,0.0,1.0,3,heft,HEFT,75.683,75.683,1.0,1.0,1.0,0.0,0.0,0,1.0,,,0,0,0.0,0.0,0.0,0.0,0
out_tree,Out-tree,7,6,5.0,0.0,1.0,3,cdls,CD-LS,46.9865,46.9865,1.610739,1.610739,1.0,0.0,0.0,1,1.142857,4.275175,28.6965,0,0,0.0,0.0,0.0,0.0,0
out_tree,Out-tree,7,6,5.0,0.0,1.0,3,cad,Proposed CA-D,35.4896,35.4896,2.13254,2.13254,1.0,0.0,0.0,5,1.714286,1.585556,8.0387,0,0,0.0,0.0,0.0,0.0,0
out_tree,Out-tree,7,6,5.0,0.0,1.0,4,heft,HEFT,99.4581,99.4581,1.0,1.0,1.0,0.0,0.0,0,1.0,,,0,0,0.0,0.0,0.0,0.0,0
out_tree,Out-tree,7,6,5.0,0.0,1.0,4,cdls,CD-LS,66.4653,66.4653,1.496391,1.496391,1.0,0.0,0.0,1,1.142857,3.474738,32.9928,0,0,0.0,0.0,0.0,0.0,0
out_tree,Out-tree,7,6,5.0,0.0,1.0,4,cad,Proposed CA-D,55.818,55.818,1.781828,1.781828,1.0,0.0,0.0,5,1.714286,1.094559,8.728,0,0,0.0,0.0,0.0,0.0,0
out_tree,Out-tree,7,6,5.0,0.0,1.0,5,heft,HEFT,83.8977,83.8977,1.0,1.0,1.0,0.0,0.0,0,1.0,,,0,0,0.0,0.0,0.0,0.0,0
out_tree,Out-tree,7,6,5.0,0.0,1.0,5,cdls,CD-LS,51.6826,51.6826,1.623326,1.623326,1.0,0.0,0.0,1,1.142857,4.363283,32.2151,0,0,0.0,0.0,0.0,0.0,0
out_tree,Out-tree,7,6,5.0,0.0,1.0,5,cad,Proposed CA-D,43.4812,43.4812,1.929517,1.929517,1.0,0.0,0.0,5,1.714286,1.301323,8.0833,0,0,0.0,0.0,0.0,0.0,0
out_tree,Out-tree,7,6,5.0,0.0,1.0,6,heft,HEFT,78.678,78.678,1.0,1.0,1.0,0.0,0.0,0,1.0,,,0,0,20.7646,20.7646,20.7646,0.0,1
out_tree,Out-tree,7,6,5.0,0.0,1.0,6,cdls,CD-LS,53.6507,53.6507,1.466487,1.466487,1.0,0.0,0.0,1,1.142857,3.265412,25.0274,0,0,0.0,0.0,0.0,0.0,0
out_tree,Out-tree,7,6,5.0,0.0,1.0,6,cad,Proposed CA-D,43.0332,43.0332,1.828309,1.828309,1.0,0.0,0.0,5,1.714286,1.159633,7.129,0,0,0.0,0.0,0.0,0.0,0
out_tree,Out-tree,7,6,5.0,0.0,1.0,7,heft,HEFT,90.5328,90.5328,1.0,1.0,1.0,0.0,0.0,0,1.0,,,0,0,0.0,0.0,0.0,0.0,0
out_tree,Out-tree,7,6,5.0,0.0,1.0,7,cdls,CD-LS,54.194,54.194,1.670532,1.670532,1.0,0.0,0.0,1,1.142857,4.693724,36.3388,0,0,0.0,0.0,0.0,0.0,0
out_tree,Out-tree,7,6,5.0,0.0,1.0,7,cad,Proposed CA-D,49.115,49.115,1.843282,1.843282,1.0,0.0,0.0,5,1.714286,1.180594,8.2836,0,0,0.0,0.0,0.0,0.0,0
out_tree,Out-tree,7,6,5.0,0.0,1.0,8,heft,HEFT,96.8056,96.8056,1.0,1.0,1.0,0.0,0.0,0,1.0,,,0,0,0.0,0.0,0.0,0.0,0
out_tree,Out-tree,7,6,5.0,0.0,1.0,8,cdls,CD-LS,68.4091,68.4091,1.415098,1.415098,1.0,0.0,0.0,3,1.428571,0.968561,9.4655,0,0,0.0,0.0,0.0,0.0,0
out_tree,Out-tree,7,6,5.0,0.0,1.0,8,cad,Proposed CA-D,47.7622,47.7622,2.026825,2.026825,1.0,0.0,0.0,5,1.714286,1.437555,9.8087,0,0,0.0,0.0,0.0,0.0,0
out_tree,Out-tree,7,6,5.0,0.0,1.0,9,heft,HEFT,110.444,110.444,1.0,1.0,1.0,0.0,0.0,0,1.0,,,0,0,0.0,0.0,0.0,0.0,0
out_tree,Out-tree,7,6,5.0,0.0,1.0,9,cdls,CD-LS,75.9721,75.9721,1.453743,1.453743,1.0,0.0,0.0,3,1.428571,1.058734,11.4906,0,0,0.0,0.0,0.0,0.0,0
out_tree,Out-tree,7,6,5.0,0.0,1.0,9,cad,Proposed CA-D,50.8317,50.8317,2.172739,2.172739,1.0,0.0,0.0,5,1.714286,1.641835,11.9225,0,0,0.0,0.0,0.0,0.0,0
out_tree,Out-tree,7,6,5.0,0.0,1.0,10,heft,HEFT,87.1876,87.1876,1.0,1.0,1.0,0.0,0.0,0,1.0,,,0,0,0.0,0.0,0.0,0.0,0
out_tree,Out-tree,7,6,5.0,0.0,1.0,10,cdls,CD-LS,59.141,59.141,1.474231,1.474231,1.0,0.0,0.0,1,1.142857,3.319619,28.0465,0,0,0.0,0.0,0.0,0.0,0
out_tree,Out-tree,7,6,5.0,0.0,1.0,10,cad,Proposed CA-D,52.1022,52.1022,1.673394,1.673394,1.0,0.0,0.0,5,1.714286,0.942751,7.0171,0,0,0.0,0.0,0.0,0.0,0
out_tree,Out-tree,7,6,5.0,0.0,1.0,11,heft,HEFT,71.0689,71.0689,1.0,1.0,1.0,0.0,0.0,0,1.0,,,0,0,0.0,0.0,0.0,0.0,0
out_tree,Out-tree,7,6,5.0,0.0,1.0,11,cdls,CD-LS,45.9305,45.9305,1.547314,1.547314,1.0,0.0,0.0,1,1.142857,3.831196,25.1384,0,0,0.0,0.0,0.0,0.0,0
out_tree,Out-tree,7,6,5.0,0.0,1.0,11,cad,Proposed CA-D,39.8742,39.8742,1.782328,1.782328,1.0,0.0,0.0,5,1.714286,1.095259,6.2389,0,0,0.0,0.0,0.0,0.0,0
out_tree,Out-tree,7,6,5.0,0.0,1.0,12,heft,HEFT,67.0076,67.0076,1.0,1.0,1.0,0.0,0.0,0,1.0,,,0,0,13.8084,13.8084,13.8084,0.0,1
out_tree,Out-tree,7,6,5.0,0.0,1.0,12,cdls,CD-LS,45.9014,45.9014,1.459818,1.459818,1.0,0.0,0.0,1,1.142857,3.218725,21.1063,0,0,0.0,0.0,0.0,0.0,0
out_tree,Out-tree,7,6,5.0,0.0,1.0,12,cad,Proposed CA-D,38.212,38.212,1.753576,1.753576,1.0,0.0,0.0,5,1.714286,1.055006,5.7591,0,0,0.0,0.0,0.0,0.0,0
out_tree,Out-tree,7,6,5.0,0.0,1.0,13,heft,HEFT,95.7606,95.7606,1.0,1.0,1.0,0.0,0.0,0,1.0,,,0,0,53.8011,53.8011,53.8011,0.0,1
out_tree,Out-tree,7,6,5.0,0.0,1.0,13,cdls,CD-LS,67.1737,72.7563,1.425566,1.316183,1.083106,5.5825,0.083106,4,1.571429,0.553321,5.7511,0,0,76.9919,30.7968,25.664,0.166667,3
out_tree,Out-tree,7,6,5.0,0.0,1.0,13,cad,Proposed CA-D,54.3343,54.3343,1.762433,1.762433,1.0,0.0,0.0,5,1.714286,1.067406,8.2853,0,0,0.0,0.0,0.0,0.0,0
out_tree,Out-tree,7,6,5.0,0.0,1.0,14,heft,HEFT,92.3763,92.3763,1.0,1.0,1.0,0.0,0.0,0,1.0,,,0,0,23.7745,23.7745,23.7745,0.0,1
out_tree,Out-tree,7,6,5.0,0.0,1.0,14,cdls,CD-LS,62.666,62.666,1.474106,1.474106,1.0,0.0,0.0,1,1.142857,3.318739,29.7103,0,0,0.0,0.0,0.0,0.0,0
out_tree,Out-tree,7,6,5.0,0.0,1.0,14,cad,Proposed CA-D,49.4405,49.4405,1.868432,1.868432,1.0,0.0,0.0,5,1.714286,1.215805,8.5871,0,0,0.0,0.0,0.0,0.0,0
out_tree,Out-tree,7,6,5.0,0.0,1.0,15,heft,HEFT,85.0163,85.0163,1.0,1.0,1.0,0.0,0.0,0,1.0,,,0,0,0.0,0.0,0.0,0.0,0
out_tree,Out-tree,7,6,5.0,0.0,1.0,15,cdls,CD-LS,51.8749,51.8749,1.63887,1.63887,1.0,0.0,0.0,1,1.142857,4.472092,33.1414,0,0,0.0,0.0,0.0,0.0,0
out_tree,Out-tree,7,6,5.0,0.0,1.0,15,cad,Proposed CA-D,46.2024,46.2024,1.840085,1.840085,1.0,0.0,0.0,5,1.714286,1.176119,7.7628,0,0,0.0,0.0,0.0,0.0,0
out_tree,Out-tree,7,6,5.0,0.0,1.0,16,heft,HEFT,79.3642,79.3642,1.0,1.0,1.0,0.0,0.0,0,1.0,,,0,0,0.0,0.0,0.0,0.0,0
out_tree,Out-tree,7,6,5.0,0.0,1.0,16,cdls,CD-LS,49.5087,49.5087,1.603033,1.603033,1.0,0.0,0.0,1,1.142857,4.221233,29.8554,0,0,0.0,0.0,0.0,0.0,0
out_tree,Out-tree,7,6,5.0,0.0,1.0,16,cad,Proposed CA-D,39.2876,39.2876,2.020084,2.020084,1.0,0.0,0.0,5,1.714286,1.428118,8.0153,0,0,0.0,0.0,0.0,0.0,0
out_tree,Out-tree,7,6,5.0,0.0,1.0,17,heft,HEFT,68.8908,68.8908,1.0,1.0,1.0,0.0,0.0,0,1.0,,,0,0,16.8894,16.8894,16.8894,0.0,1
out_tree,Out-tree,7,6,5.0,0.0,1.0,17,cdls,CD-LS,57.4684,57.4684,1.198761,1.198761,1.0,0.0,0.0,2,1.285714,0.695663,5.7112,0,0,16.8894,16.8894,16.8894,0.0,1
out_tree,Out-tree,7,6,5.0,0.0,1.0,17,cad,Proposed CA-D,42.4648,42.4648,1.622306,1.622306,1.0,0.0,0.0,5,1.714286,0.871229,5.2852,0,0,0.0,0.0,0.0,0.0,0
out_tree,Out-tree,7,6,5.0,0.0,1.0,18,heft,HEFT,83.6334,83.6334,1.0,1.0,1.0,0.0,0.0,0,1.0,,,0,0,27.6252,27.6252,27.6252,0.0,1
out_tree,Out-tree,7,6,5.0,0.0,1.0,18,cdls,CD-LS,52.5383,52.5383,1.591858,1.591858,1.0,0.0,0.0,1,1.142857,4.143007,31.0952,0,0,0.0,0.0,0.0,0.0,0
out_tree,Out-tree,7,6,5.0,0.0,1.0,18,cad,Proposed CA-D,46.2974,46.2974,1.80644,1.80644,1.0,0.0,0.0,5,1.714286,1.129016,7.4672,0,0,0.0,0.0,0.0,0.0,0
out_tree,Out-tree,7,6,5.0,0.0,1.0,19,heft,HEFT,87.3479,87.3479,1.0,1.0,1.0,0.0,0.0,0,1.0,,,0,0,0.0,0.0,0.0,0.0,0
out_tree,Out-tree,7,6,5.0,0.0,1.0,19,cdls,CD-LS,52.901,52.901,1.651158,1.651158,1.0,0.0,0.0,1,1.142857,4.558108,34.4469,0,0,0.0,0.0,0.0,0.0,0
out_tree,Out-tree,7,6,5.0,0.0,1.0,19,cad,Proposed CA-D,39.8519,39.8519,2.191815,2.191815,1.0,0.0,0.0,5,1.714286,1.66854,9.4992,0,0,0.0,0.0,0.0,0.0,0
out_tree,Out-tree,7,6,10.0,0.0,1.0,0,heft,HEFT,84.4537,84.4537,1.0,1.0,1.0,0.0,0.0,0,1.0,,,0,0,0.0,0.0,0.0,0.0,0
out_tree,Out-tree,7,6,10.0,0.0,1.0,0,cdls,CD-LS,52.9599,52.9599,1.594672,1.594672,1.0,0.0,0.0,1,1.142857,4.162704,31.4938,0,0,0.0,0.0,0.0,0.0,0
out_tree,Out-tree,7,6,10.0,0.0,1.0,0,cad,Proposed CA-D,40.8003,40.8003,2.069929,2.069929,1.0,0.0,0.0,5,1.714286,1.4979,8.7307,0,0,0.0,0.0,0.0,0.0,0
out_tree,Out-tree,7,6,10.0,0.0,1.0,1,heft,HEFT,96.7693,96.7693,1.0,1.0,1.0,0.0,0.0,0,1.0,,,0,0,0.0,0.0,0.0,0.0,0
out_tree,Out-tree,7,6,10.0,0.0,1.0,1,cdls,CD-LS,60.8415,60.8415,1.590515,1.590515,1.0,0.0,0.0,1,1.142857,4.133607,35.9278,0,0,0.0,0.0,0.0,0.0,0
out_tree,Out-tree,7,6,10.0,0.0,1.0,1,cad,Proposed CA-D,51.164,51.164,1.891355,1.891355,1.0,0.0,0.0,5,1.714286,1.247897,9.1211,0,0,0.0,0.0,0.0,0.0,0
out_tree,Out-tree,7,6,10.0,0.0,1.0,2,heft,HEFT,79.7421,79.7421,1.0,1.0,1.0,0.0,0.0,0,1.0,,,0,0,0.0,0.0,0.0,0.0,0
out_tree,Out-tree,7,6,10.0,0.0,1.0,2,cdls,CD-LS,49.8845,49.8845,1.598535,1.598535,1.0,0.0,0.0,1,1.142857,4.189745,29.8576,0,0,0.0,0.0,0.0,0.0,0
out_tree,Out-tree,7,6,10.0,0.0,1.0,2,cad,Proposed CA-D,42.066,42.066,1.895644,1.895644,1.0,0.0,0.0,5,1.714286,1.253901,7.5352,0,0,0.0,0.0,0.0,0.0,0
out_tree,Out-tree,7,6,10.0,0.0,1.0,3,heft,HEFT,75.683,75.683,1.0,1.0,1.0,0.0,0.0,0,1.0,,,0,0,0.0,0.0,0.0,0.0,0
out_tree,Out-tree,7,6,10.0,0.0,1.0,3,cdls,CD-LS,46.9865,46.9865,1.610739,1.610739,1.0,0.0,0.0,1,1.142857,4.275175,28.6965,0,0,0.0,0.0,0.0,0.0,0
out_tree,Out-tree,7,6,10.0,0.0,1.0,3,cad,Proposed CA-D,35.4896,35.4896,2.13254,2.13254,1.0,0.0,0.0,5,1.714286,1.585556,8.0387,0,0,0.0,0.0,0.0,0.0,0
out_tree,Out-tree,7,6,10.0,0.0,1.0,4,heft,HEFT,99.4581,99.4581,1.0,1.0,1.0,0.0,0.0,0,1.0,,,0,0,0.0,0.0,0.0,0.0,0
out_tree,Out-tree,7,6,10.0,0.0,1.0,4,cdls,CD-LS,66.4653,66.4653,1.496391,1.496391,1.0,0.0,0.0,1,1.142857,3.474738,32.9928,0,0,0.0,0.0,0.0,0.0,0
out_tree,Out-tree,7,6,10.0,0.0,1.0,4,cad,Proposed CA-D,55.818,55.818,1.781828,1.781828,1.0,0.0,0.0,5,1.714286,1.094559,8.728,0,0,0.0,0.0,0.0,0.0,0
out_tree,Out-tree,7,6,10.0,0.0,1.0,5,heft,HEFT,83.8977,83.8977,1.0,1.0,1.0,0.0,0.0,0,1.0,,,0,0,0.0,0.0,0.0,0.0,0
out_tree,Out-tree,7,6,10.0,0.0,1.0,5,cdls,CD-LS,51.6826,51.6826,1.623326,1.623326,1.0,0.0,0.0,1,1.142857,4.363283,32.2151,0,0,0.0,0.0,0.0,0.0,0
out_tree,Out-tree,7,6,10.0,0.0,1.0,5,cad,Proposed CA-D,43.4812,43.4812,1.929517,1.929517,1.0,0.0,0.0,5,1.714286,1.301323,8.0833,0,0,0.0,0.0,0.0,0.0,0
out_tree,Out-tree,7,6,10.0,0.0,1.0,6,heft,HEFT,93.7929,93.7929,1.0,1.0,1.0,0.0,0.0,0,1.0,,,0,0,0.0,0.0,0.0,0.0,0
out_tree,Out-tree,7,6,10.0,0.0,1.0,6,cdls,CD-LS,53.6507,53.6507,1.748215,1.748215,1.0,0.0,0.0,1,1.142857,5.237503,40.1422,0,0,0.0,0.0,0.0,0.0,0
out_tree,Out-tree,7,6,10.0,0.0,1.0,6,cad,Proposed CA-D,43.0332,43.0332,2.179546,2.179546,1.0,0.0,0.0,5,1.714286,1.651365,10.1519,0,0,0.0,0.0,0.0,0.0,0
out_tree,Out-tree,7,6,10.0,0.0,1.0,7,heft,HEFT,90.5328,90.5328,1.0,1.0,1.0,0.0,0.0,0,1.0,,,0,0,0.0,0.0,0.0,0.0,0
out_tree,Out-tree,7,6,10.0,0.0,1.0,7,cdls,CD-LS,54.194,54.194,1.670532,1.670532,1.0,0.0,0.0,1,1.142857,4.693724,36.3388,0,0,0.0,0.0,0.0,0.0,0
out_tree,Out-tree,7,6,10.0,0.0,1.0,7,cad,Proposed CA-D,49.115,49.115,1.843282,1.843282,1.0,0.0,0.0,5,1.714286,1.180594,8.2836,0,0,0.0,0.0,0.0,0.0,0
out_tree,Out-tree,7,6,10.0,0.0,1.0,8,heft,HEFT,96.8056,96.8056,1.0,1.0,1.0,0.0,0.0,0,1.0,,,0,0,0.0,0.0,0.0,0.0,0
out_tree,Out-tree,7,6,10.0,0.0,1.0,8,cdls,CD-LS,68.4091,68.4091,1.415098,1.415098,1.0,0.0,0.0,3,1.428571,0.968561,9.4655,0,0,0.0,0.0,0.0,0.0,0
out_tree,Out-tree,7,6,10.0,0.0,1.0,8,cad,Proposed CA-D,47.7622,47.7622,2.026825,2.026825,1.0,0.0,0.0,5,1.714286,1.437555,9.8087,0,0,0.0,0.0,0.0,0.0,0
out_tree,Out-tree,7,6,10.0,0.0,1.0,9,heft,HEFT,110.444,110.444,1.0,1.0,1.0,0.0,0.0,0,1.0,,,0,0,0.0,0.0,0.0,0.0,0
out_tree,Out-tree,7,6,10.0,0.0,1.0,9,cdls,CD-LS,75.9721,75.9721,1.453743,1.453743,1.0,0.0,0.0,3,1.428571,1.058734,11.4906,0,0,0.0,0.0,0.0,0.0,0
out_tree,Out-tree,7,6,10.0,0.0,1.0,9,cad,Proposed CA-D,50.8317,50.8317,2.172739,2.172739,1.0,0.0,0.0,5,1.714286,1.641835,11.9225,0,0,0.0,0.0,0.0,0.0,0
out_tree,Out-tree,7,6,10.0,0.0,1.0,10,heft,HEFT,87.1876,87.1876,1.0,1.0,1.0,0.0,0.0,0,1.0,,,0,0,0.0,0.0,0.0,0.0,0
out_tree,Out-tree,7,6,10.0,0.0,1.0,10,cdls,CD-LS,59.141,59.141,1.474231,1.474231,1.0,0.0,0.0,1,1.142857,3.319619,28.0465,0,0,0.0,0.0,0.0,0.0,0
out_tree,Out-tree,7,6,10.0,0.0,1.0,10,cad,Proposed CA-D,52.1022,52.1022,1.673394,1.673394,1.0,0.0,0.0,5,1.714286,0.942751,7.0171,0,0,0.0,0.0,0.0,0.0,0
out_tree,Out-tree,7,6,10.0,0.0,1.0,11,heft,HEFT,71.0689,71.0689,1.0,1.0,1.0,0.0,0.0,0,1.0,,,0,0,0.0,0.0,0.0,0.0,0
out_tree,Out-tree,7,6,10.0,0.0,1.0,11,cdls,CD-LS,45.9305,45.9305,1.547314,1.547314,1.0,0.0,0.0,1,1.142857,3.831196,25.1384,0,0,0.0,0.0,0.0,0.0,0
out_tree,Out-tree,7,6,10.0,0.0,1.0,11,cad,Proposed CA-D,39.8742,39.8742,1.782328,1.782328,1.0,0.0,0.0,5,1.714286,1.095259,6.2389,0,0,0.0,0.0,0.0,0.0,0
out_tree,Out-tree,7,6,10.0,0.0,1.0,12,heft,HEFT,77.256,77.256,1.0,1.0,1.0,0.0,0.0,0,1.0,,,0,0,0.0,0.0,0.0,0.0,0
out_tree,Out-tree,7,6,10.0,0.0,1.0,12,cdls,CD-LS,45.9014,45.9014,1.683087,1.683087,1.0,0.0,0.0,1,1.142857,4.781606,31.3546,0,0,0.0,0.0,0.0,0.0,0
out_tree,Out-tree,7,6,10.0,0.0,1.0,12,cad,Proposed CA-D,38.212,38.212,2.021773,2.021773,1.0,0.0,0.0,5,1.714286,1.430482,7.8088,0,0,0.0,0.0,0.0,0.0,0
out_tree,Out-tree,7,6,10.0,0.0,1.0,13,heft,HEFT,101.4504,101.4504,1.0,1.0,1.0,0.0,0.0,0,1.0,,,0,0,0.0,0.0,0.0,0.0,0
out_tree,Out-tree,7,6,10.0,0.0,1.0,13,cdls,CD-LS,75.52,103.553,1.343359,0.979695,1.371201,28.0331,0.371201,4,1.571429,-0.035533,-0.5257,0,0,153.9838,61.5935,51.3279,0.166667,3
out_tree,Out-tree,7,6,10.0,0.0,1.0,13,cad,Proposed CA-D,54.3343,54.3343,1.867152,1.867152,1.0,0.0,0.0,5,1.714286,1.214013,9.4232,0,0,0.0,0.0,0.0,0.0,0
out_tree,Out-tree,7,6,10.0,0.0,1.0,14,heft,HEFT,104.1944,104.1944,1.0,1.0,1.0,0.0,0.0,0,1.0,,,0,0,47.5489,47.5489,47.5489,0.0,1
out_tree,Out-tree,7,6,10.0,0.0,1.0,14,cdls,CD-LS,62.666,62.666,1.662695,1.662695,1.0,0.0,0.0,1,1.142857,4.638862,41.5284,0,0,0.0,0.0,0.0,0.0,0
out_tree,Out-tree,7,6,10.0,0.0,1.0,14,cad,Proposed CA-D,49.4405,49.4405,2.107469,2.107469,1.0,0.0,0.0,5,1.714286,1.550456,10.9508,0,0,0.0,0.0,0.0,0.0,0
out_tree,Out-tree,7,6,10.0,0.0,1.0,15,heft,HEFT,85.0163,85.0163,1.0,1.0,1.0,0.0,0.0,0,1.0,,,0,0,0.0,0.0,0.0,0.0,0
out_tree,Out-tree,7,6,10.0,0.0,1.0,15,cdls,CD-LS,51.8749,51.8749,1.63887,1.63887,1.0,0.0,0.0,1,1.142857,4.472092,33.1414,0,0,0.0,0.0,0.0,0.0,0
out_tree,Out-tree,7,6,10.0,0.0,1.0,15,cad,Proposed CA-D,46.2024,46.2024,1.840085,1.840085,1.0,0.0,0.0,5,1.714286,1.176119,7.7628,0,0,0.0,0.0,0.0,0.0,0
out_tree,Out-tree,7,6,10.0,0.0,1.0,16,heft,HEFT,79.3642,79.3642,1.0,1.0,1.0,0.0,0.0,0,1.0,,,0,0,0.0,0.0,0.0,0.0,0
out_tree,Out-tree,7,6,10.0,0.0,1.0,16,cdls,CD-LS,49.5087,49.5087,1.603033,1.603033,1.0,0.0,0.0,1,1.142857,4.221233,29.8554,0,0,0.0,0.0,0.0,0.0,0
out_tree,Out-tree,7,6,10.0,0.0,1.0,16,cad,Proposed CA-D,39.2876,39.2876,2.020084,2.020084,1.0,0.0,0.0,5,1.714286,1.428118,8.0153,0,0,0.0,0.0,0.0,0.0,0
out_tree,Out-tree,7,6,10.0,0.0,1.0,17,heft,HEFT,79.412,79.412,1.0,1.0,1.0,0.0,0.0,0,1.0,,,0,0,0.0,0.0,0.0,0.0,0
out_tree,Out-tree,7,6,10.0,0.0,1.0,17,cdls,CD-LS,59.7654,59.7654,1.328728,1.328728,1.0,0.0,0.0,3,1.428571,0.767033,6.5489,0,0,0.0,0.0,0.0,0.0,0
out_tree,Out-tree,7,6,10.0,0.0,1.0,17,cad,Proposed CA-D,42.4648,42.4648,1.870069,1.870069,1.0,0.0,0.0,5,1.714286,1.218097,7.3895,0,0,0.0,0.0,0.0,0.0,0
out_tree,Out-tree,7,6,10.0,0.0,1.0,18,heft,HEFT,89.8743,89.8743,1.0,1.0,1.0,0.0,0.0,0,1.0,,,0,0,0.0,0.0,0.0,0.0,0
out_tree,Out-tree,7,6,10.0,0.0,1.0,18,cdls,CD-LS,52.5383,52.5383,1.710645,1.710645,1.0,0.0,0.0,1,1.142857,4.974518,37.3361,0,0,0.0,0.0,0.0,0.0,0
out_tree,Out-tree,7,6,10.0,0.0,1.0,18,cad,Proposed CA-D,46.2974,46.2974,1.94124,1.94124,1.0,0.0,0.0,5,1.714286,1.317736,8.7154,0,0,0.0,0.0,0.0,0.0,0
out_tree,Out-tree,7,6,10.0,0.0,1.0,19,heft,HEFT,87.3479,87.3479,1.0,1.0,1.0,0.0,0.0,0,1.0,,,0,0,0.0,0.0,0.0,0.0,0
out_tree,Out-tree,7,6,10.0,0.0,1.0,19,cdls,CD-LS,52.901,52.901,1.651158,1.651158,1.0,0.0,0.0,1,1.142857,4.558108,34.4469,0,0,0.0,0.0,0.0,0.0,0
out_tree,Out-tree,7,6,10.0,0.0,1.0,19,cad,Proposed CA-D,39.8519,39.8519,2.191815,2.191815,1.0,0.0,0.0,5,1.714286,1.66854,9.4992,0,0,0.0,0.0,0.0,0.0,0
fork_join,Fork-join,14,16,0.1,0.0,1.0,0,heft,HEFT,71.3238,72.3325,1.0,1.0,1.014142,1.0086,0.014142,0,1.0,,,0,0,11.1042,5.4271,2.2208,0.590787,5
fork_join,Fork-join,14,16,0.1,0.0,1.0,0,cdls,CD-LS,70.0481,70.0481,1.018212,1.032611,1.0,0.0,0.0,3,1.214286,0.152186,0.7615,0,0,5.1307,3.3803,1.7102,0.494066,3
fork_join,Fork-join,14,16,0.1,0.0,1.0,0,cad,Proposed CA-D,70.0481,70.0481,1.018212,1.032611,1.0,0.0,0.0,3,1.214286,0.152186,0.7615,3,3.3803,5.1307,3.3803,1.7102,0.494066,3
fork_join,Fork-join,14,16,0.1,0.0,1.0,1,heft,HEFT,75.1528,75.1528,1.0,1.0,1.0,0.0,0.0,0,1.0,,,0,0,14.3623,5.3386,2.3937,0.55162,6
fork_join,Fork-join,14,16,0.1,0.0,1.0,1,cdls,CD-LS,75.1528,75.1528,1.0,1.0,1.0,0.0,0.0,3,1.214286,0.0,0.0,0,0,9.8671,5.3386,3.289,0.383913,3
fork_join,Fork-join,14,16,0.1,0.0,1.0,1,cad,Proposed CA-D,75.1528,75.1528,1.0,1.0,1.0,0.0,0.0,3,1.214286,0.0,0.0,3,5.3386,9.8671,5.3386,3.289,0.383913,3
fork_join,Fork-join,14,16,0.1,0.0,1.0,2,heft,HEFT,61.7121,61.7121,1.0,1.0,1.0,0.0,0.0,0,1.0,,,0,0,12.277,3.6968,2.0462,0.446503,6
fork_join,Fork-join,14,16,0.1,0.0,1.0,2,cdls,CD-LS,61.7121,61.7121,1.0,1.0,1.0,0.0,0.0,3,1.214286,0.0,0.0,0,0,4.0468,1.9274,1.3489,0.30014,3
fork_join,Fork-join,14,16,0.1,0.0,1.0,2,cad,Proposed CA-D,61.7121,61.7121,1.0,1.0,1.0,0.0,0.0,3,1.214286,0.0,0.0,3,1.9274,4.0468,1.9274,1.3489,0.30014,3
fork_join,Fork-join,14,16,0.1,0.0,1.0,3,heft,HEFT,59.3904,59.3904,1.0,1.0,1.0,0.0,0.0,0,1.0,,,0,0,11.8693,3.2928,1.9782,0.399237,6
fork_join,Fork-join,14,16,0.1,0.0,1.0,3,cdls,CD-LS,59.3904,59.3904,1.0,1.0,1.0,0.0,0.0,3,1.214286,0.0,0.0,0,0,4.8277,2.705,1.6092,0.405087,3
fork_join,Fork-join,14,16,0.1,0.0,1.0,3,cad,Proposed CA-D,59.3904,59.3904,1.0,1.0,1.0,0.0,0.0,3,1.214286,0.0,0.0,3,2.705,4.8277,2.705,1.6092,0.405087,3
fork_join,Fork-join,14,16,0.1,0.0,1.0,4,heft,HEFT,79.9461,81.553,1.0,1.0,1.020099,1.6068,0.020099,0,1.0,,,0,0,15.686,6.0479,3.1372,0.481275,5
fork_join,Fork-join,14,16,0.1,0.0,1.0,4,cdls,CD-LS,78.1936,78.1936,1.022413,1.042962,1.0,0.0,0.0,3,1.214286,0.200491,1.1198,0,0,4.3486,2.4949,1.4495,0.419003,3
fork_join,Fork-join,14,16,0.1,0.0,1.0,4,cad,Proposed CA-D,78.1936,78.1936,1.022413,1.042962,1.0,0.0,0.0,3,1.214286,0.200491,1.1198,3,2.9223,4.3486,2.4949,1.4495,0.419003,3
fork_join,Fork-join,14,16,0.1,0.0,1.0,5,heft,HEFT,75.8239,75.8239,1.0,1.0,1.0,0.0,0.0,0,1.0,,,0,0,9.4128,3.3424,1.5688,0.530645,6
fork_join,Fork-join,14,16,0.1,0.0,1.0,5,cdls,CD-LS,75.8239,75.8239,1.0,1.0,1.0,0.0,0.0,3,1.214286,0.0,0.0,0,0,2.1589,1.0424,0.7196,0.309658,3
fork_join,Fork-join,14,16,0.1,0.0,1.0,5,cad,Proposed CA-D,75.8239,75.8239,1.0,1.0,1.0,0.0,0.0,3,1.214286,0.0,0.0,3,1.0424,2.1589,1.0424,0.7196,0.309658,3
fork_join,Fork-join,14,16,0.1,0.0,1.0,6,heft,HEFT,82.1719,82.1719,1.0,1.0,1.0,0.0,0.0,0,1.0,,,0,0,9.524,2.849,1.5873,0.442835,6
fork_join,Fork-join,14,16,0.1,0.0,1.0,6,cdls,CD-LS,82.1719,82.1719,1.0,1.0,1.0,0.0,0.0,3,1.214286,0.0,0.0,0,0,5.3429,2.849,1.781,0.374866,3
fork_join,Fork-join,14,16,0.1,0.0,1.0,6,cad,Proposed CA-D,82.1719,82.1719,1.0,1.0,1.0,0.0,0.0,3,1.214286,0.0,0.0,3,2.849,5.3429,2.849,1.781,0.374866,3
fork_join,Fork-join,14,16,0.1,0.0,1.0,7,heft,HEFT,72.3461,72.3461,1.0,1.0,1.0,0.0,0.0,0,1.0,,,0,0,12.1996,3.7169,2.0333,0.452971,6
fork_join,Fork-join,14,16,0.1,0.0,1.0,7,cdls,CD-LS,72.3461,72.3461,1.0,1.0,1.0,0.0,0.0,3,1.214286,0.0,0.0,0,0,4.2754,1.8835,1.4251,0.243333,3
fork_join,Fork-join,14,16,0.1,0.0,1.0,7,cad,Proposed CA-D,72.3461,72.3461,1.0,1.0,1.0,0.0,0.0,3,1.214286,0.0,0.0,3,1.8835,4.2754,1.8835,1.4251,0.243333,3
fork_join,Fork-join,14,16,0.1,0.0,1.0,8,heft,HEFT,64.2306,64.2306,1.0,1.0,1.0,0.0,0.0,0,1.0,,,0,0,11.6055,2.8749,1.9343,0.327193,6
fork_join,Fork-join,14,16,0.1,0.0,1.0,8,cdls,CD-LS,64.2306,64.2306,1.0,1.0,1.0,0.0,0.0,3,1.214286,0.0,0.0,0,0,5.5546,2.627,1.8515,0.295186,3
fork_join,Fork-join,14,16,0.1,0.0,1.0,8,cad,Proposed CA-D,64.2306,64.2306,1.0,1.0,1.0,0.0,0.0,3,1.214286,0.0,0.0,3,2.627,5.5546,2.627,1.8515,0.295186,3
fork_join,Fork-join,14,16,0.1,0.0,1.0,9,heft,HEFT,87.8908,87.8908,1.0,1.0,1.0,0.0,0.0,0,1.0,,,0,0,10.3369,3.4375,1.7228,0.498825,6
fork_join,Fork-join,14,16,0.1,0.0,1.0,9,cdls,CD-LS,87.8908,87.8908,1.0,1.0,1.0,0.0,0.0,3,1.214286,0.0,0.0,0,0,3.8705,2.075,1.2902,0.378222,3
fork_join,Fork-join,14,16,0.1,0.0,1.0,9,cad,Proposed CA-D,87.8908,87.8908,1.0,1.0,1.0,0.0,0.0,3,1.214286,0.0,0.0,3,2.075,3.8705,2.075,1.2902,0.378222,3
fork_join,Fork-join,14,16,0.1,0.0,1.0,10,heft,HEFT,84.0023,84.0023,1.0,1.0,1.0,0.0,0.0,0,1.0,,,0,0,17.7471,5.1824,2.9578,0.429248,6
fork_join,Fork-join,14,16,0.1,0.0,1.0,10,cdls,CD-LS,84.0023,84.0023,1.0,1.0,1.0,0.0,0.0,3,1.214286,0.0,0.0,0,0,7.2336,4.0297,2.4112,0.401653,3
fork_join,Fork-join,14,16,0.1,0.0,1.0,10,cad,Proposed CA-D,84.0023,84.0023,1.0,1.0,1.0,0.0,0.0,3,1.214286,0.0,0.0,3,4.0297,7.2336,4.0297,2.4112,0.401653,3
fork_join,Fork-join,14,16,0.1,0.0,1.0,11,heft,HEFT,56.558,56.558,1.0,1.0,1.0,0.0,0.0,0,1.0,,,0,0,12.1977,2.9276,2.033,0.30559,6
fork_join,Fork-join,14,16,0.1,0.0,1.0,11,cdls,CD-LS,56.558,56.558,1.0,1.0,1.0,0.0,0.0,3,1.214286,0.0,0.0,0,0,6.3944,2.9276,2.1315,0.271937,3
fork_join,Fork-join,14,16,0.1,0.0,1.0,11,cad,Proposed CA-D,56.558,56.558,1.0,1.0,1.0,0.0,0.0,3,1.214286,0.0,0.0,3,2.9276,6.3944,2.9276,2.1315,0.271937,3
fork_join,Fork-join,14,16,0.1,0.0,1.0,12,heft,HEFT,60.6745,60.6745,1.0,1.0,1.0,0.0,0.0,0,1.0,,,0,0,11.5279,2.9664,1.9213,0.352313,6
fork_join,Fork-join,14,16,0.1,0.0,1.0,12,cdls,CD-LS,60.6745,60.6745,1.0,1.0,1.0,0.0,0.0,3,1.214286,0.0,0.0,0,0,4.9355,2.9276,1.6452,0.438058,3
fork_join,Fork-join,14,16,0.1,0.0,1.0,12,cad,Proposed CA-D,60.6745,60.6745,1.0,1.0,1.0,0.0,0.0,3,1.214286,0.0,0.0,3,2.9276,4.9355,2.9276,1.6452,0.438058,3
fork_join,Fork-join,14,16,0.1,0.0,1.0,13,heft,HEFT,74.1018,75.396,1.0,1.0,1.017464,1.2941,0.017464,0,1.0,,,0,0,6.607,3.004,1.3214,0.560115,5
fork_join,Fork-join,14,16,0.1,0.0,1.0,13,cdls,CD-LS,73.4627,73.4627,1.008699,1.026315,1.0,0.0,0.0,3,1.214286,0.122805,0.6444,0,0,3.6774,1.7633,1.2258,0.30481,3
fork_join,Fork-join,14,16,0.1,0.0,1.0,13,cad,Proposed CA-D,73.4627,73.4627,1.008699,1.026315,1.0,0.0,0.0,3,1.214286,0.122805,0.6444,3,1.7633,3.6774,1.7633,1.2258,0.30481,3
fork_join,Fork-join,14,16,0.1,0.0,1.0,14,heft,HEFT,78.9587,79.2344,1.0,1.0,1.003492,0.2757,0.003492,0,1.0,,,0,0,10.0272,4.7218,2.0054,0.575282,5
fork_join,Fork-join,14,16,0.1,0.0,1.0,14,cdls,CD-LS,78.6269,78.6269,1.004219,1.007726,1.0,0.0,0.0,3,1.214286,0.036053,0.2025,0,0,3.3603,2.1575,1.1201,0.480822,3
fork_join,Fork-join,14,16,0.1,0.0,1.0,14,cad,Proposed CA-D,78.6269,78.6269,1.004219,1.007726,1.0,0.0,0.0,3,1.214286,0.036053,0.2025,3,2.1575,3.3603,2.1575,1.1201,0.480822,3
fork_join,Fork-join,14,16,0.1,0.0,1.0,15,heft,HEFT,82.221,82.221,1.0,1.0,1.0,0.0,0.0,0,1.0,,,0,0,12.037,3.5047,2.0062,0.427577,6
fork_join,Fork-join,14,16,0.1,0.0,1.0,15,cdls,CD-LS,82.221,82.221,1.0,1.0,1.0,0.0,0.0,3,1.214286,0.0,0.0,0,0,6.9557,3.5047,2.3186,0.338439,3
fork_join,Fork-join,14,16,0.1,0.0,1.0,15,cad,Proposed CA-D,82.221,82.221,1.0,1.0,1.0,0.0,0.0,3,1.214286,0.0,0.0,3,3.5047,6.9557,3.5047,2.3186,0.338439,3
fork_join,Fork-join,14,16,0.1,0.0,1.0,16,heft,HEFT,69.3897,71.3563,1.0,1.0,1.028341,1.9666,0.028341,0,1.0,,,0,0,15.8572,3.8858,2.6429,0.319858,6
fork_join,Fork-join,14,16,0.1,0.0,1.0,16,cdls,CD-LS,69.3897,69.3897,1.0,1.028341,1.0,0.0,0.0,3,1.214286,0.132259,0.6555,0,0,8.1276,3.6273,2.7092,0.253109,3
fork_join,Fork-join,14,16,0.1,0.0,1.0,16,cad,Proposed CA-D,69.3897,69.3897,1.0,1.028341,1.0,0.0,0.0,3,1.214286,0.132259,0.6555,3,3.6273,8.1276,3.6273,2.7092,0.253109,3
fork_join,Fork-join,14,16,0.1,0.0,1.0,17,heft,HEFT,73.0879,73.0879,1.0,1.0,1.0,0.0,0.0,0,1.0,,,0,0,14.644,3.2243,2.4407,0.24303,6
fork_join,Fork-join,14,16,0.1,0.0,1.0,17,cdls,CD-LS,73.0879,73.0879,1.0,1.0,1.0,0.0,0.0,3,1.214286,0.0,0.0,0,0,7.1782,3.2243,2.3927,0.257895,3
fork_join,Fork-join,14,16,0.1,0.0,1.0,17,cad,Proposed CA-D,73.0879,73.0879,1.0,1.0,1.0,0.0,0.0,3,1.214286,0.0,0.0,3,3.2243,7.1782,3.2243,2.3927,0.257895,3
fork_join,Fork-join,14,16,0.1,0.0,1.0,18,heft,HEFT,76.9889,76.9889,1.0,1.0,1.0,0.0,0.0,0,1.0,,,0,0,14.6688,4.9325,2.4448,0.504349,6
fork_join,Fork-join,14,16,0.1,0.0,1.0,18,cdls,CD-LS,76.9889,76.9889,1.0,1.0,1.0,0.0,0.0,3,1.214286,0.0,0.0,0,0,4.2987,2.537,1.4329,0.435196,3
fork_join,Fork-join,14,16,0.1,0.0,1.0,18,cad,Proposed CA-D,76.9889,76.9889,1.0,1.0,1.0,0.0,0.0,3,1.214286,0.0,0.0,3,2.537,4.2987,2.537,1.4329,0.435196,3
fork_join,Fork-join,14,16,0.1,0.0,1.0,19,heft,HEFT,68.9407,70.2543,1.0,1.0,1.019055,1.3137,0.019055,0,1.0,,,0,0,11.6598,5.0026,2.9149,0.417313,4
fork_join,Fork-join,14,16,0.1,0.0,1.0,19,cdls,CD-LS,68.4324,69.3116,1.007428,1.013602,1.012848,0.8792,0.012848,3,1.214286,0.063474,0.3143,0,0,3.8958,2.3065,1.2986,0.436983,3
fork_join,Fork-join,14,16,0.1,0.0,1.0,19,cad,Proposed CA-D,68.6389,68.6389,1.004397,1.023536,1.0,0.0,0.0,3,1.214286,0.109834,0.5385,3,2.5784,2.854,1.3137,0.9513,0.275815,3
fork_join,Fork-join,14,16,1.0,0.0,1.0,0,heft,HEFT,86.8267,99.6389,1.0,1.0,1.14756,12.8121,0.14756,0,1.0,,,0,0,115.5097,50.4266,28.8774,0.427338,4
fork_join,Fork-join,14,16,1.0,0.0,1.0,0,cdls,CD-LS,82.8053,95.6174,1.048566,1.042058,1.154726,12.8121,0.154726,3,1.214286,0.196271,1.3405,0,0,45.3634,27.9149,15.1211,0.458314,3
fork_join,Fork-join,14,16,1.0,0.0,1.0,0,cad,Proposed CA-D,82.8053,82.8053,1.048566,1.203292,1.0,0.0,0.0,4,1.285714,0.711521,4.2084,3,23.4268,25.7725,15.1028,8.5908,0.431177,3
fork_join,Fork-join,14,16,1.0,0.0,1.0,1,heft,HEFT,99.2474,116.7931,1.0,1.0,1.176787,17.5457,0.176787,0,1.0,,,0,0,121.1899,50.5042,30.2975,0.4001,4
fork_join,Fork-join,14,16,1.0,0.0,1.0,1,cdls,CD-LS,88.5784,100.9052,1.120447,1.157454,1.139161,12.3267,0.139161,4,1.285714,0.55109,3.972,0,0,50.4205,32.9585,16.8068,0.490061,3
fork_join,Fork-join,14,16,1.0,0.0,1.0,1,cad,Proposed CA-D,89.2521,89.2521,1.11199,1.308576,1.0,0.0,0.0,4,1.285714,1.080016,6.8853,3,39.8105,60.238,27.4838,20.0793,0.269412,3
fork_join,Fork-join,14,16,1.0,0.0,1.0,2,heft,HEFT,81.1594,86.0124,1.0,1.0,1.059795,4.853,0.059795,0,1.0,,,0,0,85.6134,40.6144,17.1227,0.578408,5
fork_join,Fork-join,14,16,1.0,0.0,1.0,2,cdls,CD-LS,64.0542,76.3072,1.267043,1.127185,1.191292,12.253,0.191292,3,1.214286,0.593532,3.2351,0,0,32.9205,19.2741,10.9735,0.430661,3
fork_join,Fork-join,14,16,1.0,0.0,1.0,2,cad,Proposed CA-D,73.2015,73.2015,1.108712,1.175008,1.0,0.0,0.0,4,1.285714,0.612528,3.2027,3,19.315,33.0432,19.315,11.0144,0.429749,3
fork_join,Fork-join,14,16,1.0,0.0,1.0,3,heft,HEFT,87.787,104.9842,1.0,1.0,1.195896,17.1972,0.195896,0,1.0,,,0,0,173.7124,51.8146,28.9521,0.441237,6
fork_join,Fork-join,14,16,1.0,0.0,1.0,3,cdls,CD-LS,61.0588,61.0588,1.437745,1.719394,1.0,0.0,0.0,3,1.214286,3.357172,14.6418,0,0,22.8953,8.6297,7.6318,0.115636,3
fork_join,Fork-join,14,16,1.0,0.0,1.0,3,cad,Proposed CA-D,61.0588,61.0588,1.437745,1.719394,1.0,0.0,0.0,3,1.214286,3.357172,14.6418,3,16.5967,22.8953,8.6297,7.6318,0.115636,3
fork_join,Fork-join,14,16,1.0,0.0,1.0,4,heft,HEFT,104.3965,124.3758,1.0,1.0,1.191378,19.9792,0.191378,0,1.0,,,0,0,139.1025,62.2996,34.7756,0.441801,4
fork_join,Fork-join,14,16,1.0,0.0,1.0,4,cdls,CD-LS,85.5176,98.5798,1.22076,1.261676,1.152742,13.0622,0.152742,3,1.214286,1.221155,8.5987,0,0,35.2151,20.8136,11.7384,0.436024,3
fork_join,Fork-join,14,16,1.0,0.0,1.0,4,cad,Proposed CA-D,87.8938,87.8938,1.187758,1.415069,1.0,0.0,0.0,4,1.285714,1.452742,9.1205,3,22.7123,26.9863,12.5848,8.9954,0.285214,3
fork_join,Fork-join,14,16,1.0,0.0,1.0,5,heft,HEFT,101.6365,109.2211,1.0,1.0,1.074625,7.5847,0.074625,0,1.0,,,0,0,99.3922,50.7465,49.6961,0.020699,2
fork_join,Fork-join,14,16,1.0,0.0,1.0,5,cdls,CD-LS,75.8239,75.8239,1.340429,1.440459,1.0,0.0,0.0,3,1.214286,2.055474,11.1324,0,0,12.5243,7.5835,4.1748,0.44949,3
fork_join,Fork-join,14,16,1.0,0.0,1.0,5,cad,Proposed CA-D,75.8239,75.8239,1.340429,1.440459,1.0,0.0,0.0,3,1.214286,2.055474,11.1324,3,10.4241,12.5243,7.5835,4.1748,0.44949,3
fork_join,Fork-join,14,16,1.0,0.0,1.0,6,heft,HEFT,96.179,100.2992,1.0,1.0,1.042838,4.1202,0.042838,0,1.0,,,0,0,88.5365,28.4895,22.1341,0.223078,4
fork_join,Fork-join,14,16,1.0,0.0,1.0,6,cdls,CD-LS,82.1719,82.1719,1.170462,1.220602,1.0,0.0,0.0,3,1.214286,1.029478,6.0424,0,0,38.8993,14.53,12.9664,0.107607,3
fork_join,Fork-join,14,16,1.0,0.0,1.0,6,cad,Proposed CA-D,82.1719,82.1719,1.170462,1.220602,1.0,0.0,0.0,3,1.214286,1.029478,6.0424,3,28.4895,38.8993,14.53,12.9664,0.107607,3
fork_join,Fork-join,14,16,1.0,0.0,1.0,7,heft,HEFT,97.1188,108.4295,1.0,1.0,1.116463,11.3107,0.116463,0,1.0,,,0,0,115.0499,39.1712,19.175,0.510483,6
fork_join,Fork-join,14,16,1.0,0.0,1.0,7,cdls,CD-LS,75.0794,75.0794,1.293548,1.444198,1.0,0.0,0.0,3,1.214286,2.072925,11.1167,0,0,21.4733,13.2793,7.1578,0.460983,3
fork_join,Fork-join,14,16,1.0,0.0,1.0,7,cad,Proposed CA-D,75.0794,75.0794,1.293548,1.444198,1.0,0.0,0.0,3,1.214286,2.072925,11.1167,3,18.8345,21.4733,13.2793,7.1578,0.460983,3
fork_join,Fork-join,14,16,1.0,0.0,1.0,8,heft,HEFT,74.9701,91.6551,1.0,1.0,1.222555,16.685,0.222555,0,1.0,,,0,0,109.0153,28.7491,18.1692,0.368007,6
fork_join,Fork-join,14,16,1.0,0.0,1.0,8,cdls,CD-LS,65.3921,75.4952,1.146469,1.214052,1.154499,10.103,0.154499,3,1.214286,0.998908,5.3866,0,0,54.5131,26.2698,18.171,0.308292,3
fork_join,Fork-join,14,16,1.0,0.0,1.0,8,cad,Proposed CA-D,72.0016,72.0016,1.041228,1.272959,1.0,0.0,0.0,4,1.285714,0.955357,4.9134,3,29.2191,60.4117,29.2191,20.1372,0.31082,3
fork_join,Fork-join,14,16,1.0,0.0,1.0,9,heft,HEFT,97.3674,115.6488,1.0,1.0,1.187757,18.2814,0.187757,0,1.0,,,0,0,106.8867,34.3754,17.8145,0.481768,6
fork_join,Fork-join,14,16,1.0,0.0,1.0,9,cdls,CD-LS,87.8908,93.3219,1.107822,1.239245,1.061794,5.4311,0.061794,3,1.214286,1.116479,7.4423,0,0,32.4047,20.7499,10.8016,0.47944,3
fork_join,Fork-join,14,16,1.0,0.0,1.0,9,cad,Proposed CA-D,93.3219,93.3219,1.043349,1.239245,1.0,0.0,0.0,3,1.214286,1.116479,7.4423,3,20.7499,32.4047,20.7499,10.8016,0.47944,3
fork_join,Fork-join,14,16,1.0,0.0,1.0,10,heft,HEFT,110.8742,110.8742,1.0,1.0,1.0,0.0,0.0,0,1.0,,,0,0,97.3013,43.8306,19.4603,0.556012,5
fork_join,Fork-join,14,16,1.0,0.0,1.0,10,cdls,CD-LS,91.1433,104.8486,1.216482,1.057469,1.150371,13.7053,0.150371,3,1.214286,0.268189,2.0085,0,0,60.026,34.1426,20.0087,0.413969,3
fork_join,Fork-join,14,16,1.0,0.0,1.0,10,cad,Proposed CA-D,91.185,91.185,1.215926,1.215926,1.0,0.0,0.0,4,1.285714,0.75574,4.9223,3,21.457,40.9493,21.457,13.6498,0.363856,3
fork_join,Fork-join,14,16,1.0,0.0,1.0,11,heft,HEFT,73.6967,83.1709,1.0,1.0,1.128557,9.4742,0.128557,0,1.0,,,0,0,109.9469,42.7388,36.649,0.14249,3
fork_join,Fork-join,14,16,1.0,0.0,1.0,11,cdls,CD-LS,61.8219,66.2026,1.192081,1.256308,1.070861,4.3808,0.070861,3,1.214286,1.196104,5.6561,0,0,41.2845,17.9461,13.7615,0.233175,3
fork_join,Fork-join,14,16,1.0,0.0,1.0,11,cad,Proposed CA-D,61.9883,61.9883,1.18888,1.341719,1.0,0.0,0.0,4,1.285714,1.196017,5.2956,3,22.714,32.7458,13.6768,10.9153,0.20191,3
fork_join,Fork-join,14,16,1.0,0.0,1.0,12,heft,HEFT,70.5896,76.8654,1.0,1.0,1.088905,6.2758,0.088905,0,1.0,,,0,0,100.0029,43.6644,20.0006,0.541947,5
fork_join,Fork-join,14,16,1.0,0.0,1.0,12,cdls,CD-LS,65.1926,65.1926,1.082785,1.17905,1.0,0.0,0.0,3,1.214286,0.835567,3.8909,0,0,33.8762,15.4785,11.2921,0.270469,3
fork_join,Fork-join,14,16,1.0,0.0,1.0,12,cad,Proposed CA-D,65.1926,65.1926,1.082785,1.17905,1.0,0.0,0.0,3,1.214286,0.835567,3.8909,3,29.2763,33.8762,15.4785,11.2921,0.270469,3
fork_join,Fork-join,14,16,1.0,0.0,1.0,13,heft,HEFT,95.7048,108.1779,1.0,1.0,1.130329,12.4731,0.130329,0,1.0,,,0,0,100.8562,44.4163,25.2141,0.432325,4
fork_join,Fork-join,14,16,1.0,0.0,1.0,13,cdls,CD-LS,79.6807,82.1244,1.201103,1.317245,1.030668,2.4436,0.030668,3,1.214286,1.480477,8.6845,0,0,26.7371,12.6141,8.9124,0.293461,3
fork_join,Fork-join,14,16,1.0,0.0,1.0,13,cad,Proposed CA-D,80.3446,80.3446,1.19118,1.346425,1.0,0.0,0.0,3,1.214286,1.616651,9.2778,3,21.407,25.3595,11.2365,8.4532,0.247707,3
fork_join,Fork-join,14,16,1.0,0.0,1.0,14,heft,HEFT,107.2321,113.8795,1.0,1.0,1.061991,6.6474,0.061991,0,1.0,,,0,0,59.5459,24.6502,14.8865,0.396092,4
fork_join,Fork-join,14,16,1.0,0.0,1.0,14,cdls,CD-LS,89.517,89.517,1.197897,1.272155,1.0,0.0,0.0,3,1.214286,1.270057,8.1208,0,0,26.4987,11.7315,8.8329,0.247075,3
fork_join,Fork-join,14,16,1.0,0.0,1.0,14,cad,Proposed CA-D,89.517,89.517,1.197897,1.272155,1.0,0.0,0.0,3,1.214286,1.270057,8.1208,3,20.6634,26.4987,11.7315,8.8329,0.247075,3
fork_join,Fork-join,14,16,1.0,0.0,1.0,15,heft,HEFT,93.3079,101.6125,1.0,1.0,1.089002,8.3046,0.089002,0,1.0,,,0,0,73.2916,36.0739,14.6583,0.593659,5
fork_join,Fork-join,14,16,1.0,0.0,1.0,15,cdls,CD-LS,88.5452,91.3031,1.053789,1.112914,1.031147,2.7579,0.031147,4,1.285714,0.395197,2.5773,0,0,46.2674,22.4088,15.4225,0.311768,3
fork_join,Fork-join,14,16,1.0,0.0,1.0,15,cad,Proposed CA-D,90.0269,90.0269,1.036444,1.12869,1.0,0.0,0.0,3,1.214286,0.600553,3.8619,3,35.0469,42.8208,18.9622,14.2736,0.247262,3
fork_join,Fork-join,14,16,1.0,0.0,1.0,16,heft,HEFT,90.9886,109.3818,1.0,1.0,1.202148,18.3931,0.202148,0,1.0,,,0,0,132.2346,53.8686,22.0391,0.590873,6
fork_join,Fork-join,14,16,1.0,0.0,1.0,16,cdls,CD-LS,74.9,93.2447,1.214801,1.173062,1.244922,18.3446,0.244922,3,1.214286,0.807622,5.379,0,0,81.2762,36.2732,27.0921,0.253109,3
fork_join,Fork-join,14,16,1.0,0.0,1.0,16,cad,Proposed CA-D,77.2845,77.2845,1.177321,1.415313,1.0,0.0,0.0,4,1.285714,1.453597,8.0243,3,33.1348,41.0296,16.985,13.6765,0.194785,3
fork_join,Fork-join,14,16,1.0,0.0,1.0,17,heft,HEFT,90.921,116.1084,1.0,1.0,1.277025,25.1874,0.277025,0,1.0,,,0,0,104.9575,41.3499,20.9915,0.492345,5
fork_join,Fork-join,14,16,1.0,0.0,1.0,17,cdls,CD-LS,79.3439,83.873,1.145911,1.384337,1.057081,4.5291,0.057081,4,1.285714,1.345178,8.0589,0,0,41.4552,23.2806,13.8184,0.406442,3
fork_join,Fork-join,14,16,1.0,0.0,1.0,17,cad,Proposed CA-D,82.2023,82.2023,1.106065,1.412472,1.0,0.0,0.0,4,1.285714,1.443652,8.4765,3,22.3778,27.289,13.2634,9.0963,0.314177,3
fork_join,Fork-join,14,16,1.0,0.0,1.0,18,heft,HEFT,85.8014,98.0083,1.0,1.0,1.142268,12.2068,0.142268,0,1.0,,,0,0,113.1435,42.9546,37.7145,0.121992,3
fork_join,Fork-join,14,16,1.0,0.0,1.0,18,cdls,CD-LS,79.1601,79.1601,1.083897,1.238101,1.0,0.0,0.0,3,1.214286,1.111139,6.2827,0,0,33.0562,15.4392,11.0187,0.286315,3
fork_join,Fork-join,14,16,1.0,0.0,1.0,18,cad,Proposed CA-D,79.1601,79.1601,1.083897,1.238101,1.0,0.0,0.0,3,1.214286,1.111139,6.2827,3,15.4392,33.0562,15.4392,11.0187,0.286315,3
fork_join,Fork-join,14,16,1.0,0.0,1.0,19,heft,HEFT,86.3609,99.4974,1.0,1.0,1.152112,13.1365,0.152112,0,1.0,,,0,0,116.5978,50.0259,29.1494,0.417313,4
fork_join,Fork-join,14,16,1.0,0.0,1.0,19,cdls,CD-LS,77.5406,87.4688,1.113751,1.137519,1.12804,9.9283,0.12804,3,1.214286,0.641754,4.0095,0,0,37.9787,22.5753,12.6596,0.439231,3
fork_join,Fork-join,14,16,1.0,0.0,1.0,19,cad,Proposed CA-D,78.1505,78.1505,1.105059,1.273152,1.0,0.0,0.0,4,1.285714,0.956032,5.3367,3,20.9555,23.7117,12.6471,7.9039,0.375039,3
fork_join,Fork-join,14,16,5.0,0.0,1.0,0,heft,HEFT,157.9556,157.9556,1.0,1.0,1.0,0.0,0.0,0,1.0,,,0,0,87.9074,63.7856,43.9537,0.310915,2
fork_join,Fork-join,14,16,5.0,0.0,1.0,0,cdls,CD-LS,124.2588,154.8356,1.271182,1.02015,1.246073,30.5768,0.246073,4,1.285714,0.070526,0.78,0,0,181.4697,105.6806,60.4899,0.427616,3
fork_join,Fork-join,14,16,5.0,0.0,1.0,0,cad,Proposed CA-D,117.7038,117.7038,1.341975,1.341975,1.0,0.0,0.0,6,1.428571,0.797942,6.7086,3,73.1489,116.4063,73.1489,38.8021,0.469546,3
fork_join,Fork-join,14,16,5.0,0.0,1.0,1,heft,HEFT,228.4363,228.4363,1.0,1.0,1.0,0.0,0.0,0,1.0,,,0,0,138.7963,102.1374,69.3981,0.320542,2
fork_join,Fork-join,14,16,5.0,0.0,1.0,1,cdls,CD-LS,124.2859,202.5278,1.837991,1.127926,1.629532,78.2419,0.629532,5,1.357143,0.358192,5.1817,0,0,323.2555,143.6492,107.7518,0.249896,3
fork_join,Fork-join,14,16,5.0,0.0,1.0,1,cad,Proposed CA-D,120.9326,120.9326,1.888956,1.888956,1.0,0.0,0.0,6,1.428571,2.07423,17.9173,3,117.0305,146.7511,61.6335,48.917,0.206325,3
fork_join,Fork-join,14,16,5.0,0.0,1.0,2,heft,HEFT,133.1441,133.1441,1.0,1.0,1.0,0.0,0.0,0,1.0,,,0,0,76.1109,41.0057,38.0555,0.071947,2
fork_join,Fork-join,14,16,5.0,0.0,1.0,2,cdls,CD-LS,98.4788,153.4036,1.352007,0.867933,1.557732,54.9248,0.557732,3,1.214286,-0.616312,-6.7532,0,0,164.6023,96.3704,54.8674,0.430661,3
fork_join,Fork-join,14,16,5.0,0.0,1.0,2,cad,Proposed CA-D,98.4788,98.4788,1.352007,1.352007,1.0,0.0,0.0,6,1.428571,0.82135,5.7775,2,61.2652,61.2652,44.7019,30.6326,0.314736,2
fork_join,Fork-join,14,16,5.0,0.0,1.0,3,heft,HEFT,160.9851,226.2079,1.0,1.0,1.405148,65.2228,0.405148,0,1.0,,,0,0,93.4633,93.4633,93.4633,0.0,1
fork_join,Fork-join,14,16,5.0,0.0,1.0,3,cdls,CD-LS,81.6745,99.2256,1.971058,2.279734,1.214891,17.5511,0.214891,4,1.285714,4.479069,31.7456,0,0,77.4787,50.3149,25.8262,0.486708,3
fork_join,Fork-join,14,16,5.0,0.0,1.0,3,cad,Proposed CA-D,91.7606,91.7606,1.754404,2.465198,1.0,0.0,0.0,7,1.5,2.930395,19.2068,2,18.8218,45.9856,18.8218,15.3285,0.185597,3
fork_join,Fork-join,14,16,5.0,0.0,1.0,4,heft,HEFT,197.2918,197.2918,1.0,1.0,1.0,0.0,0.0,0,1.0,,,0,0,0.0,0.0,0.0,0.0,0
fork_join,Fork-join,14,16,5.0,0.0,1.0,4,cdls,CD-LS,127.6843,165.163,1.545153,1.194528,1.293527,37.4787,0.293527,4,1.285714,0.680847,8.0322,0,0,175.498,103.4906,58.4993,0.434737,3
fork_join,Fork-join,14,16,5.0,0.0,1.0,4,cad,Proposed CA-D,128.2617,128.2617,1.538198,1.538198,1.0,0.0,0.0,5,1.357143,1.506953,13.806,3,100.0407,125.2818,78.6712,41.7606,0.469175,3
fork_join,Fork-join,14,16,5.0,0.0,1.0,5,heft,HEFT,169.736,169.736,1.0,1.0,1.0,0.0,0.0,0,1.0,,,0,0,0.0,0.0,0.0,0.0,0
fork_join,Fork-join,14,16,5.0,0.0,1.0,5,cdls,CD-LS,89.7505,94.6666,1.891197,1.792987,1.054775,4.9161,0.054775,4,1.285714,2.775454,18.7673,0,0,52.834,28.1298,17.6113,0.373925,3
fork_join,Fork-join,14,16,5.0,0.0,1.0,5,cad,Proposed CA-D,94.6666,94.6666,1.792987,1.792987,1.0,0.0,0.0,4,1.285714,2.775454,18.7673,3,38.6309,52.834,28.1298,17.6113,0.373925,3
fork_join,Fork-join,14,16,5.0,0.0,1.0,6,heft,HEFT,191.686,243.7352,1.0,1.0,1.271533,52.0491,0.271533,0,1.0,,,0,0,165.0007,165.0007,165.0007,0.0,1
fork_join,Fork-join,14,16,5.0,0.0,1.0,6,cdls,CD-LS,110.2814,128.6916,1.738153,1.893948,1.166938,18.4101,0.166938,5,1.357143,2.503055,23.0087,0,0,149.2287,72.4088,49.7429,0.313027,3
fork_join,Fork-join,14,16,5.0,0.0,1.0,6,cad,Proposed CA-D,113.4654,113.4654,1.689379,2.148102,1.0,0.0,0.0,7,1.5,2.296204,18.61,2,80.1587,80.1587,52.0491,40.0794,0.229971,2
fork_join,Fork-join,14,16,5.0,0.0,1.0,7,heft,HEFT,159.212,195.3661,1.0,1.0,1.227082,36.1541,0.227082,0,1.0,,,0,0,219.7704,150.023,73.2568,0.511696,3
fork_join,Fork-join,14,16,5.0,0.0,1.0,7,cdls,CD-LS,106.8001,150.5028,1.490748,1.29809,1.409201,43.7027,0.409201,3,1.214286,1.391086,14.9544,0,0,147.3751,80.9786,49.125,0.393358,3
fork_join,Fork-join,14,16,5.0,0.0,1.0,7,cad,Proposed CA-D,99.891,99.891,1.593857,1.955793,1.0,0.0,0.0,6,1.428571,2.230184,15.9125,2,40.97,40.97,27.776,20.485,0.262494,2
fork_join,Fork-join,14,16,5.0,0.0,1.0,8,heft,HEFT,155.4198,200.7704,1.0,1.0,1.291795,45.3507,0.291795,0,1.0,,,0,0,137.1747,80.8339,68.5873,0.151503,2
fork_join,Fork-join,14,16,5.0,0.0,1.0,8,cdls,CD-LS,93.7787,189.6445,1.657303,1.058667,2.022256,95.8658,1.022256,3,1.214286,0.27378,3.7086,0,0,257.5336,131.349,85.8445,0.34644,3
fork_join,Fork-join,14,16,5.0,0.0,1.0,8,cad,Proposed CA-D,104.7135,104.7135,1.484238,1.91733,1.0,0.0,0.0,6,1.428571,2.140437,16.0095,2,95.8658,95.8658,50.5152,47.9329,0.051118,2
fork_join,Fork-join,14,16,5.0,0.0,1.0,9,heft,HEFT,186.9702,186.9702,1.0,1.0,1.0,0.0,0.0,0,1.0,,,0,0,0.0,0.0,0.0,0.0,0
fork_join,Fork-join,14,16,5.0,0.0,1.0,9,cdls,CD-LS,131.487,164.5074,1.421968,1.136546,1.251131,33.0204,0.251131,3,1.214286,0.637215,7.4876,0,0,175.9949,103.7494,58.665,0.434551,3
fork_join,Fork-join,14,16,5.0,0.0,1.0,9,cad,Proposed CA-D,123.6219,123.6219,1.512436,1.512436,1.0,0.0,0.0,6,1.428571,1.195685,10.5581,2,43.5065,115.7521,43.5065,38.584,0.113144,3
fork_join,Fork-join,14,16,5.0,0.0,1.0,10,heft,HEFT,144.5767,144.5767,1.0,1.0,1.0,0.0,0.0,0,1.0,,,0,0,59.2847,35.9134,29.6423,0.174617,2
fork_join,Fork-join,14,16,5.0,0.0,1.0,10,cdls,CD-LS,119.9157,170.3778,1.205653,0.848565,1.420813,50.4621,0.420813,4,1.285714,-0.530021,-6.4503,0,0,204.7464,107.2851,68.2488,0.363856,3
fork_join,Fork-join,14,16,5.0,0.0,1.0,10,cad,Proposed CA-D,134.9898,134.9898,1.07102,1.07102,1.0,0.0,0.0,5,1.357143,0.198856,1.9174,3,108.4344,139.2083,70.3414,46.4028,0.34032,3
fork_join,Fork-join,14,16,5.0,0.0,1.0,11,heft,HEFT,141.1842,141.1842,1.0,1.0,1.0,0.0,0.0,0,1.0,,,0,0,61.6021,35.2827,30.8011,0.127021,2
fork_join,Fork-join,14,16,5.0,0.0,1.0,11,cdls,CD-LS,93.4429,137.987,1.510914,1.02317,1.476699,44.5441,0.476699,3,1.214286,0.108128,1.0657,0,0,206.4225,89.7304,68.8075,0.233175,3
fork_join,Fork-join,14,16,5.0,0.0,1.0,11,cad,Proposed CA-D,93.4429,93.4429,1.510914,1.510914,1.0,0.0,0.0,6,1.428571,1.192133,7.9569,2,63.411,63.411,45.1863,31.7055,0.298338,2
fork_join,Fork-join,14,16,5.0,0.0,1.0,12,heft,HEFT,143.4994,143.4994,1.0,1.0,1.0,0.0,0.0,0,1.0,,,0,0,91.1372,54.3931,45.5686,0.162236,2
fork_join,Fork-join,14,16,5.0,0.0,1.0,12,cdls,CD-LS,113.5874,182.6678,1.263339,0.785575,1.60817,69.0804,0.60817,3,1.214286,-1.000648,-13.0562,0,0,262.0915,130.3057,87.3638,0.329547,3
fork_join,Fork-join,14,16,5.0,0.0,1.0,12,cad,Proposed CA-D,106.9328,106.9328,1.341958,1.341958,1.0,0.0,0.0,7,1.5,0.683916,5.2238,2,43.8071,64.6147,43.8071,32.3073,0.26251,2
fork_join,Fork-join,14,16,5.0,0.0,1.0,13,heft,HEFT,156.4922,156.4922,1.0,1.0,1.0,0.0,0.0,0,1.0,,,0,0,39.4992,19.7624,19.7496,0.000649,2
fork_join,Fork-join,14,16,5.0,0.0,1.0,13,cdls,CD-LS,104.5527,136.5334,1.496778,1.146183,1.305881,31.9807,0.305881,3,1.214286,0.682187,6.6529,0,0,133.6855,63.0706,44.5618,0.293461,3
fork_join,Fork-join,14,16,5.0,0.0,1.0,13,cad,Proposed CA-D,113.0246,113.0246,1.384585,1.384585,1.0,0.0,0.0,6,1.428571,0.897366,7.2446,2,31.9807,31.9807,19.7624,15.9903,0.190873,2
fork_join,Fork-join,14,16,5.0,0.0,1.0,14,heft,HEFT,158.494,158.494,1.0,1.0,1.0,0.0,0.0,0,1.0,,,0,0,66.6053,37.4287,33.3026,0.110237,2
fork_join,Fork-join,14,16,5.0,0.0,1.0,14,cdls,CD-LS,122.5002,149.2581,1.293826,1.061879,1.218431,26.7579,0.218431,4,1.285714,0.216576,2.309,0,0,163.6335,89.7972,54.5445,0.392581,3
fork_join,Fork-join,14,16,5.0,0.0,1.0,14,cad,Proposed CA-D,121.6426,121.6426,1.302948,1.302948,1.0,0.0,0.0,6,1.428571,0.70688,6.1419,2,44.6597,118.496,44.6597,39.4987,0.115563,3
fork_join,Fork-join,14,16,5.0,0.0,1.0,15,heft,HEFT,160.4448,160.4448,1.0,1.0,1.0,0.0,0.0,0,1.0,,,0,0,50.2495,38.8696,25.1247,0.353614,2
fork_join,Fork-join,14,16,5.0,0.0,1.0,15,cdls,CD-LS,117.7437,180.9383,1.362662,0.886737,1.536714,63.1946,0.536714,4,1.285714,-0.396419,-5.1234,0,0,214.1552,112.044,71.3851,0.362884,3
fork_join,Fork-join,14,16,5.0,0.0,1.0,15,cad,Proposed CA-D,117.7437,117.7437,1.362662,1.362662,1.0,0.0,0.0,7,1.5,0.725323,6.1002,2,73.1744,73.1744,41.5537,36.5872,0.119519,2
fork_join,Fork-join,14,16,5.0,0.0,1.0,16,heft,HEFT,178.6094,246.2747,1.0,1.0,1.378846,67.6654,0.378846,0,1.0,,,0,0,276.9105,125.2632,69.2276,0.447343,4
fork_join,Fork-join,14,16,5.0,0.0,1.0,16,cdls,CD-LS,108.8637,158.4757,1.640669,1.554023,1.455725,49.6119,0.455725,5,1.357143,1.551263,17.5598,0,0,233.7496,111.7253,77.9165,0.302606,3
fork_join,Fork-join,14,16,5.0,0.0,1.0,16,cad,Proposed CA-D,110.707,110.707,1.613352,2.224563,1.0,0.0,0.0,7,1.5,2.449126,19.3668,2,72.2513,72.2513,41.2751,36.1256,0.12476,2
fork_join,Fork-join,14,16,5.0,0.0,1.0,17,heft,HEFT,133.5187,133.5187,1.0,1.0,1.0,0.0,0.0,0,1.0,,,0,0,63.2424,50.0862,31.6212,0.368665,2
fork_join,Fork-join,14,16,5.0,0.0,1.0,17,cdls,CD-LS,118.1628,176.9186,1.129955,0.75469,1.497244,58.7558,0.497244,4,1.285714,-0.858585,-10.85,0,0,207.276,116.4032,69.092,0.406442,3
fork_join,Fork-join,14,16,5.0,0.0,1.0,17,cad,Proposed CA-D,118.66,118.66,1.125221,1.125221,1.0,0.0,0.0,6,1.428571,0.292182,2.4764,3,97.8338,108.3344,52.2617,36.1115,0.309026,3
fork_join,Fork-join,14,16,5.0,0.0,1.0,18,heft,HEFT,185.1808,185.1808,1.0,1.0,1.0,0.0,0.0,0,1.0,,,0,0,0.0,0.0,0.0,0.0,0
fork_join,Fork-join,14,16,5.0,0.0,1.0,18,cdls,CD-LS,87.8451,109.8482,2.108037,1.685788,1.250475,22.003,0.250475,4,1.285714,2.400259,18.8332,0,0,120.3811,54.7461,40.127,0.267033,3
fork_join,Fork-join,14,16,5.0,0.0,1.0,18,cad,Proposed CA-D,106.296,106.296,1.742123,1.742123,1.0,0.0,0.0,6,1.428571,1.73162,13.1475,2,32.6014,32.6014,21.7452,16.3007,0.250377,2
fork_join,Fork-join,14,16,5.0,0.0,1.0,19,heft,HEFT,184.6617,184.6617,1.0,1.0,1.0,0.0,0.0,0,1.0,,,0,0,0.0,0.0,0.0,0.0,0
fork_join,Fork-join,14,16,5.0,0.0,1.0,19,cdls,CD-LS,116.6465,160.9382,1.583088,1.147407,1.379709,44.2917,0.379709,4,1.285714,0.515925,5.9309,0,0,237.6905,104.9649,79.2302,0.245175,3
fork_join,Fork-join,14,16,5.0,0.0,1.0,19,cad,Proposed CA-D,117.1037,117.1037,1.576908,1.576908,1.0,0.0,0.0,7,1.5,1.153815,9.6511,2,90.996,132.5381,49.4539,44.1794,0.106655,3
fork_join,Fork-join,14,16,10.0,0.0,1.0,0,heft,HEFT,178.2203,178.2203,1.0,1.0,1.0,0.0,0.0,0,1.0,,,0,0,0.0,0.0,0.0,0.0,0
fork_join,Fork-join,14,16,10.0,0.0,1.0,0,cdls,CD-LS,188.3195,260.5162,0.946372,0.684105,1.383373,72.1967,0.383373,4,1.285714,-1.105634,-20.574,0,0,362.9394,211.3612,120.9798,0.427616,3
fork_join,Fork-join,14,16,10.0,0.0,1.0,0,cad,Proposed CA-D,141.8297,141.8297,1.256579,1.256579,1.0,0.0,0.0,8,1.571429,0.449014,4.5488,2,63.058,149.5729,63.058,49.8576,0.209337,3
fork_join,Fork-join,14,16,10.0,0.0,1.0,1,heft,HEFT,182.7119,182.7119,1.0,1.0,1.0,0.0,0.0,0,1.0,,,0,0,0.0,0.0,0.0,0.0,0
fork_join,Fork-join,14,16,10.0,0.0,1.0,1,cdls,CD-LS,182.5661,346.177,1.000798,0.527799,1.896173,163.6109,0.896173,5,1.357143,-1.322163,-32.693,0,0,646.511,287.2984,215.5037,0.249896,3
fork_join,Fork-join,14,16,10.0,0.0,1.0,1,cad,Proposed CA-D,153.337,153.337,1.19157,1.19157,1.0,0.0,0.0,10,1.714286,0.268199,2.9375,1,51.3529,51.3529,51.3529,51.3529,0.0,1
fork_join,Fork-join,14,16,10.0,0.0,1.0,2,heft,HEFT,156.7692,156.7692,1.0,1.0,1.0,0.0,0.0,0,1.0,,,0,0,0.0,0.0,0.0,0.0,0
fork_join,Fork-join,14,16,10.0,0.0,1.0,2,cdls,CD-LS,143.1807,249.774,1.094904,0.627644,1.744467,106.5933,0.744467,3,1.214286,-1.737661,-31.0016,0,0,329.2045,192.7409,109.7348,0.430661,3
fork_join,Fork-join,14,16,10.0,0.0,1.0,2,cad,Proposed CA-D,119.7149,119.7149,1.309521,1.309521,1.0,0.0,0.0,8,1.571429,0.541663,4.6318,2,99.0645,99.0645,65.938,49.5323,0.248805,2
fork_join,Fork-join,14,16,10.0,0.0,1.0,3,heft,HEFT,154.6838,154.6838,1.0,1.0,1.0,0.0,0.0,0,1.0,,,0,0,0.0,0.0,0.0,0.0,0
fork_join,Fork-join,14,16,10.0,0.0,1.0,3,cdls,CD-LS,113.1676,144.3361,1.366856,1.071692,1.275419,31.1685,0.275419,4,1.285714,0.25092,2.5869,0,0,154.9575,100.6299,51.6525,0.486708,3
fork_join,Fork-join,14,16,10.0,0.0,1.0,3,cad,Proposed CA-D,91.7606,91.7606,1.685733,1.685733,1.0,0.0,0.0,7,1.5,1.371466,8.989,2,37.6436,91.9712,37.6436,30.6571,0.185597,3
fork_join,Fork-join,14,16,10.0,0.0,1.0,4,heft,HEFT,197.2918,197.2918,1.0,1.0,1.0,0.0,0.0,0,1.0,,,0,0,0.0,0.0,0.0,0.0,0
fork_join,Fork-join,14,16,10.0,0.0,1.0,4,cdls,CD-LS,180.537,268.6536,1.092806,0.734373,1.488081,88.1166,0.488081,4,1.285714,-0.929696,-17.8404,0,0,350.996,206.9811,116.9987,0.434737,3
fork_join,Fork-join,14,16,10.0,0.0,1.0,4,cad,Proposed CA-D,155.1439,155.1439,1.27167,1.27167,1.0,0.0,0.0,9,1.642857,0.422598,4.6831,1,58.5366,117.0731,58.5366,58.5366,0.0,2
fork_join,Fork-join,14,16,10.0,0.0,1.0,5,heft,HEFT,169.736,169.736,1.0,1.0,1.0,0.0,0.0,0,1.0,,,0,0,0.0,0.0,0.0,0.0,0
fork_join,Fork-join,14,16,10.0,0.0,1.0,5,cdls,CD-LS,103.6772,122.7964,1.637158,1.382256,1.18441,19.1191,0.18441,4,1.285714,1.337895,11.7349,0,0,105.668,56.2595,35.2227,0.373925,3
fork_join,Fork-join,14,16,10.0,0.0,1.0,5,cad,Proposed CA-D,107.222,107.222,1.583033,1.583033,1.0,0.0,0.0,6,1.428571,1.360411,10.419,2,49.4085,70.4108,28.4062,23.4703,0.173761,3
fork_join,Fork-join,14,16,10.0,0.0,1.0,6,heft,HEFT,174.1294,174.1294,1.0,1.0,1.0,0.0,0.0,0,1.0,,,0,0,0.0,0.0,0.0,0.0,0
fork_join,Fork-join,14,16,10.0,0.0,1.0,6,cdls,CD-LS,138.391,201.1003,1.258242,0.865883,1.453131,62.7093,0.453131,5,1.357143,-0.375527,-5.3942,0,0,298.4574,144.8175,99.4858,0.313027,3
fork_join,Fork-join,14,16,10.0,0.0,1.0,6,cad,Proposed CA-D,131.4179,131.4179,1.325005,1.325005,1.0,0.0,0.0,9,1.642857,0.505564,4.7457,2,91.5095,91.5095,47.3969,45.7548,0.034646,2
fork_join,Fork-join,14,16,10.0,0.0,1.0,7,heft,HEFT,223.5828,223.5828,1.0,1.0,1.0,0.0,0.0,0,1.0,,,0,0,123.2331,98.2512,61.6165,0.372868,2
fork_join,Fork-join,14,16,10.0,0.0,1.0,7,cdls,CD-LS,160.0026,231.4814,1.39737,0.965878,1.446735,71.4787,0.446735,3,1.214286,-0.159234,-2.6328,0,0,294.7502,161.9572,98.2501,0.393358,3
fork_join,Fork-join,14,16,10.0,0.0,1.0,7,cad,Proposed CA-D,126.0442,126.0442,1.773845,1.773845,1.0,0.0,0.0,8,1.571429,1.354229,12.1923,2,51.3697,77.7575,51.3697,38.8788,0.243157,2
fork_join,Fork-join,14,16,10.0,0.0,1.0,8,heft,HEFT,203.7135,203.7135,1.0,1.0,1.0,0.0,0.0,0,1.0,,,0,0,156.521,90.7013,78.2605,0.137163,2
fork_join,Fork-join,14,16,10.0,0.0,1.0,8,cdls,CD-LS,144.0913,320.9936,1.413781,0.634634,2.227709,176.9023,1.227709,3,1.214286,-1.70504,-39.0933,0,0,515.0671,262.6981,171.689,0.34644,3
fork_join,Fork-join,14,16,10.0,0.0,1.0,8,cad,Proposed CA-D,130.7023,130.7023,1.558607,1.558607,1.0,0.0,0.0,10,1.714286,0.78205,7.3011,2,69.797,92.732,69.797,46.366,0.335702,2
fork_join,Fork-join,14,16,10.0,0.0,1.0,9,heft,HEFT,186.9702,186.9702,1.0,1.0,1.0,0.0,0.0,0,1.0,,,0,0,0.0,0.0,0.0,0.0,0
fork_join,Fork-join,14,16,10.0,0.0,1.0,9,cdls,CD-LS,191.7298,283.0243,0.975176,0.660616,1.476162,91.2945,0.476162,3,1.214286,-1.583794,-32.018,0,0,351.9899,207.4987,117.33,0.434551,3
fork_join,Fork-join,14,16,10.0,0.0,1.0,9,cad,Proposed CA-D,146.9578,146.9578,1.272272,1.272272,1.0,0.0,0.0,9,1.642857,0.423534,4.4458,1,57.4781,114.9561,57.4781,57.4781,0.0,2
fork_join,Fork-join,14,16,10.0,0.0,1.0,10,heft,HEFT,192.9395,192.9395,1.0,1.0,1.0,0.0,0.0,0,1.0,,,0,0,0.0,0.0,0.0,0.0,0
fork_join,Fork-join,14,16,10.0,0.0,1.0,10,cdls,CD-LS,155.8291,201.7954,1.238148,0.956114,1.294979,45.9663,0.294979,4,1.285714,-0.1536,-2.214,0,0,281.3876,133.3747,93.7959,0.296749,3
fork_join,Fork-join,14,16,10.0,0.0,1.0,10,cad,Proposed CA-D,155.8291,155.8291,1.238148,1.238148,1.0,0.0,0.0,9,1.642857,0.370452,4.1234,1,71.8268,71.8268,71.8268,71.8268,0.0,1
fork_join,Fork-join,14,16,10.0,0.0,1.0,11,heft,HEFT,158.8467,158.8467,1.0,1.0,1.0,0.0,0.0,0,1.0,,,0,0,0.0,0.0,0.0,0.0,0
fork_join,Fork-join,14,16,10.0,0.0,1.0,11,cdls,CD-LS,138.6292,227.7174,1.145839,0.697561,1.642637,89.0882,0.642637,3,1.214286,-1.411384,-22.9569,0,0,375.1112,179.4609,125.0371,0.303263,3
fork_join,Fork-join,14,16,10.0,0.0,1.0,11,cad,Proposed CA-D,109.1968,109.1968,1.454683,1.454683,1.0,0.0,0.0,6,1.428571,1.060926,8.275,2,89.0882,89.0882,52.6388,44.5441,0.153779,2
fork_join,Fork-join,14,16,10.0,0.0,1.0,12,heft,HEFT,246.627,425.0105,1.0,1.0,1.723292,178.3834,0.723292,0,1.0,,,0,0,331.418,331.418,331.418,0.0,1
fork_join,Fork-join,14,16,10.0,0.0,1.0,12,cdls,CD-LS,166.5003,312.9735,1.48124,1.357976,1.879717,146.4731,0.879717,3,1.214286,1.670554,37.3457,0,0,524.183,260.6113,174.7277,0.329547,3
fork_join,Fork-join,14,16,10.0,0.0,1.0,12,cad,Proposed CA-D,122.4419,122.4419,2.014237,3.471119,1.0,0.0,0.0,8,1.571429,4.324459,37.8211,2,70.4207,116.4199,70.4207,58.21,0.173397,2
fork_join,Fork-join,14,16,10.0,0.0,1.0,13,heft,HEFT,189.2277,189.2277,1.0,1.0,1.0,0.0,0.0,0,1.0,,,0,0,0.0,0.0,0.0,0.0,0
fork_join,Fork-join,14,16,10.0,0.0,1.0,13,cdls,CD-LS,135.6427,199.604,1.395045,0.948016,1.471543,63.9613,0.471543,3,1.214286,-0.242594,-3.4588,0,0,290.0261,126.1413,96.6754,0.233595,3
fork_join,Fork-join,14,16,10.0,0.0,1.0,13,cad,Proposed CA-D,135.6427,135.6427,1.395045,1.395045,1.0,0.0,0.0,6,1.428571,0.921772,8.9308,2,86.6164,86.6164,62.1799,43.3082,0.303502,2
fork_join,Fork-join,14,16,10.0,0.0,1.0,14,heft,HEFT,199.8332,199.8332,1.0,1.0,1.0,0.0,0.0,0,1.0,,,0,0,0.0,0.0,0.0,0.0,0
fork_join,Fork-join,14,16,10.0,0.0,1.0,14,cdls,CD-LS,167.6378,239.0553,1.192053,0.835928,1.426023,71.4176,0.426023,4,1.285714,-0.57425,-9.8055,0,0,327.267,179.5944,109.089,0.392581,3
fork_join,Fork-join,14,16,10.0,0.0,1.0,14,cad,Proposed CA-D,135.2295,135.2295,1.477734,1.477734,1.0,0.0,0.0,7,1.5,0.955467,9.2291,2,62.2305,155.7252,62.2305,51.9084,0.165868,3
fork_join,Fork-join,14,16,10.0,0.0,1.0,15,heft,HEFT,168.0904,168.0904,1.0,1.0,1.0,0.0,0.0,0,1.0,,,0,0,100.499,77.7392,50.2495,0.353614,2
fork_join,Fork-join,14,16,10.0,0.0,1.0,15,cdls,CD-LS,159.2973,292.9823,1.055199,0.573722,1.839217,133.685,0.839217,4,1.285714,-1.491974,-31.223,0,0,428.3103,224.088,142.7701,0.362884,3
fork_join,Fork-join,14,16,10.0,0.0,1.0,15,cad,Proposed CA-D,159.1419,159.1419,1.056229,1.056229,1.0,0.0,0.0,10,1.714286,0.078721,0.8948,1,63.2416,189.7247,63.2416,63.2416,0.0,3
fork_join,Fork-join,14,16,10.0,0.0,1.0,16,heft,HEFT,165.7814,165.7814,1.0,1.0,1.0,0.0,0.0,0,1.0,,,0,0,0.0,0.0,0.0,0.0,0
fork_join,Fork-join,14,16,10.0,0.0,1.0,16,cdls,CD-LS,149.1952,270.201,1.111171,0.613548,1.811057,121.0058,0.811057,5,1.357143,-1.082065,-20.8839,0,0,467.4993,223.4507,155.8331,0.302606,3
fork_join,Fork-join,14,16,10.0,0.0,1.0,16,cad,Proposed CA-D,142.9521,142.9521,1.159698,1.159698,1.0,0.0,0.0,10,1.714286,0.223578,2.2829,2,123.3213,123.3213,83.5428,61.6607,0.261927,2
fork_join,Fork-join,14,16,10.0,0.0,1.0,17,heft,HEFT,163.9526,163.9526,1.0,1.0,1.0,0.0,0.0,0,1.0,,,0,0,0.0,0.0,0.0,0.0,0
fork_join,Fork-join,14,16,10.0,0.0,1.0,17,cdls,CD-LS,164.2321,193.1493,0.998298,0.848839,1.176075,28.9171,0.176075,4,1.285714,-0.529063,-7.2992,0,0,272.8899,132.6339,90.9633,0.314177,3
fork_join,Fork-join,14,16,10.0,0.0,1.0,17,cad,Proposed CA-D,132.6507,132.6507,1.235973,1.235973,1.0,0.0,0.0,9,1.642857,0.367069,3.478,1,49.1118,49.1118,49.1118,49.1118,0.0,1
fork_join,Fork-join,14,16,10.0,0.0,1.0,18,heft,HEFT,185.1808,185.1808,1.0,1.0,1.0,0.0,0.0,0,1.0,,,0,0,0.0,0.0,0.0,0.0,0
fork_join,Fork-join,14,16,10.0,0.0,1.0,18,cdls,CD-LS,106.2274,164.5942,1.743249,1.125074,1.549452,58.3668,0.549452,4,1.285714,0.437761,5.1466,0,0,240.7622,109.4921,80.2541,0.267033,3
fork_join,Fork-join,14,16,10.0,0.0,1.0,18,cad,Proposed CA-D,106.296,106.296,1.742123,1.742123,1.0,0.0,0.0,6,1.428571,1.73162,13.1475,2,65.2029,65.2029,43.4904,32.6014,0.250377,2
fork_join,Fork-join,14,16,10.0,0.0,1.0,19,heft,HEFT,184.6617,184.6617,1.0,1.0,1.0,0.0,0.0,0,1.0,,,0,0,0.0,0.0,0.0,0.0,0
fork_join,Fork-join,14,16,10.0,0.0,1.0,19,cdls,CD-LS,166.2879,265.9031,1.110493,0.69447,1.599052,99.6152,0.599052,4,1.285714,-1.069356,-20.3104,0,0,475.381,209.9298,158.4603,0.245175,3
fork_join,Fork-join,14,16,10.0,0.0,1.0,19,cad,Proposed CA-D,143.9366,143.9366,1.282937,1.282937,1.0,0.0,0.0,8,1.571429,0.49514,5.0906,2,62.3489,159.4838,62.3489,53.1613,0.147358,3
